"alcohol","base","sulfonyl.fluoride","alcohol_.C1_electrostatic_charge","alcohol_.C1_exposed_area","alcohol_electronegativity","alcohol_primary","alcohol_secondary","alcohol_tertiary","alcohol_cyclic","alcohol_4.membered_ring","alcohol_5.membered_ring","alcohol_6.membered_ring","alcohol_7.membered_ring","alcohol_benzylic","alcohol_allylic","alcohol_homobenzylic","alcohol_homoallylic","alcohol_alpha.carbonyl","alcohol_beta_carbonyl","alcohol_hemiacetal","alcohol_alpha.amino","base_.N1_exposed_area","sulfonyl_fluoride_.S1_electrostatic_charge","sulfonyl_fluoride_.F1_electrostatic_charge","sulfonyl_fluoride_.O1_electrostatic_charge","yield"
"1e","DBU","3.Cl",0.101,13.68,0.12,1,0,0,0,0,0,0,0,0,0,0,0,0,0,0,0,7.397,0.973,-0.21,-0.439,42
"1e","DBU","PyFluor",0.101,13.68,0.12,1,0,0,0,0,0,0,0,0,0,0,0,0,0,0,0,7.397,0.849,-0.198,-0.401,48
"1e","DBU","3.CF3",0.101,13.68,0.12,1,0,0,0,0,0,0,0,0,0,0,0,0,0,0,0,7.397,0.978,-0.208,-0.436,47
"1e","DBU","3.NO2",0.101,13.68,0.12,1,0,0,0,0,0,0,0,0,0,0,0,0,0,0,0,7.397,0.973,-0.204,-0.43,52
"1e","DBU","PBSF",0.101,13.68,0.12,1,0,0,0,0,0,0,0,0,0,0,0,0,0,0,0,7.397,0.926,-0.162,-0.384,52
"1e","MTBD","3.Cl",0.101,13.68,0.12,1,0,0,0,0,0,0,0,0,0,0,0,0,0,0,0,6.069,0.973,-0.21,-0.439,76
"1e","MTBD","PyFluor",0.101,13.68,0.12,1,0,0,0,0,0,0,0,0,0,0,0,0,0,0,0,6.069,0.849,-0.198,-0.401,78
"1e","MTBD","3.CF3",0.101,13.68,0.12,1,0,0,0,0,0,0,0,0,0,0,0,0,0,0,0,6.069,0.978,-0.208,-0.436,87
"1e","MTBD","3.NO2",0.101,13.68,0.12,1,0,0,0,0,0,0,0,0,0,0,0,0,0,0,0,6.069,0.973,-0.204,-0.43,82
"1e","MTBD","PBSF",0.101,13.68,0.12,1,0,0,0,0,0,0,0,0,0,0,0,0,0,0,0,6.069,0.926,-0.162,-0.384,80
"1e","BTMG","3.Cl",0.101,13.68,0.12,1,0,0,0,0,0,0,0,0,0,0,0,0,0,0,0,4.727,0.973,-0.21,-0.439,78
"1e","BTMG","PyFluor",0.101,13.68,0.12,1,0,0,0,0,0,0,0,0,0,0,0,0,0,0,0,4.727,0.849,-0.198,-0.401,79
"1e","BTMG","3.CF3",0.101,13.68,0.12,1,0,0,0,0,0,0,0,0,0,0,0,0,0,0,0,4.727,0.978,-0.208,-0.436,91
"1e","BTMG","3.NO2",0.101,13.68,0.12,1,0,0,0,0,0,0,0,0,0,0,0,0,0,0,0,4.727,0.973,-0.204,-0.43,87
"1e","BTMG","PBSF",0.101,13.68,0.12,1,0,0,0,0,0,0,0,0,0,0,0,0,0,0,0,4.727,0.926,-0.162,-0.384,84
"1e","BTPP","3.Cl",0.101,13.68,0.12,1,0,0,0,0,0,0,0,0,0,0,0,0,0,0,0,5.305,0.973,-0.21,-0.439,87
"1e","BTPP","PyFluor",0.101,13.68,0.12,1,0,0,0,0,0,0,0,0,0,0,0,0,0,0,0,5.305,0.849,-0.198,-0.401,88
"1e","BTPP","3.CF3",0.101,13.68,0.12,1,0,0,0,0,0,0,0,0,0,0,0,0,0,0,0,5.305,0.978,-0.208,-0.436,96
"1e","BTPP","3.NO2",0.101,13.68,0.12,1,0,0,0,0,0,0,0,0,0,0,0,0,0,0,0,5.305,0.973,-0.204,-0.43,83
"1e","BTPP","PBSF",0.101,13.68,0.12,1,0,0,0,0,0,0,0,0,0,0,0,0,0,0,0,5.305,0.926,-0.162,-0.384,94
"1a","DBU","3.Cl",0.474,6.211,0.11,0,1,0,0,0,0,0,0,0,0,0,0,0,0,0,0,7.397,0.973,-0.21,-0.439,40
"1a","DBU","PyFluor",0.474,6.211,0.11,0,1,0,0,0,0,0,0,0,0,0,0,0,0,0,0,7.397,0.849,-0.198,-0.401,57
"1a","DBU","3.CF3",0.474,6.211,0.11,0,1,0,0,0,0,0,0,0,0,0,0,0,0,0,0,7.397,0.978,-0.208,-0.436,52
"1a","DBU","3.NO2",0.474,6.211,0.11,0,1,0,0,0,0,0,0,0,0,0,0,0,0,0,0,7.397,0.973,-0.204,-0.43,54
"1a","DBU","PBSF",0.474,6.211,0.11,0,1,0,0,0,0,0,0,0,0,0,0,0,0,0,0,7.397,0.926,-0.162,-0.384,39
"1a","MTBD","3.Cl",0.474,6.211,0.11,0,1,0,0,0,0,0,0,0,0,0,0,0,0,0,0,6.069,0.973,-0.21,-0.439,54
"1a","MTBD","PyFluor",0.474,6.211,0.11,0,1,0,0,0,0,0,0,0,0,0,0,0,0,0,0,6.069,0.849,-0.198,-0.401,59
"1a","MTBD","3.CF3",0.474,6.211,0.11,0,1,0,0,0,0,0,0,0,0,0,0,0,0,0,0,6.069,0.978,-0.208,-0.436,69
"1a","MTBD","3.NO2",0.474,6.211,0.11,0,1,0,0,0,0,0,0,0,0,0,0,0,0,0,0,6.069,0.973,-0.204,-0.43,63
"1a","MTBD","PBSF",0.474,6.211,0.11,0,1,0,0,0,0,0,0,0,0,0,0,0,0,0,0,6.069,0.926,-0.162,-0.384,60
"1a","BTMG","3.Cl",0.474,6.211,0.11,0,1,0,0,0,0,0,0,0,0,0,0,0,0,0,0,4.727,0.973,-0.21,-0.439,41
"1a","BTMG","PyFluor",0.474,6.211,0.11,0,1,0,0,0,0,0,0,0,0,0,0,0,0,0,0,4.727,0.849,-0.198,-0.401,49
"1a","BTMG","3.CF3",0.474,6.211,0.11,0,1,0,0,0,0,0,0,0,0,0,0,0,0,0,0,4.727,0.978,-0.208,-0.436,57
"1a","BTMG","3.NO2",0.474,6.211,0.11,0,1,0,0,0,0,0,0,0,0,0,0,0,0,0,0,4.727,0.973,-0.204,-0.43,55
"1a","BTMG","PBSF",0.474,6.211,0.11,0,1,0,0,0,0,0,0,0,0,0,0,0,0,0,0,4.727,0.926,-0.162,-0.384,61
"1a","BTPP","3.Cl",0.474,6.211,0.11,0,1,0,0,0,0,0,0,0,0,0,0,0,0,0,0,5.305,0.973,-0.21,-0.439,42
"1a","BTPP","PyFluor",0.474,6.211,0.11,0,1,0,0,0,0,0,0,0,0,0,0,0,0,0,0,5.305,0.849,-0.198,-0.401,53
"1a","BTPP","3.CF3",0.474,6.211,0.11,0,1,0,0,0,0,0,0,0,0,0,0,0,0,0,0,5.305,0.978,-0.208,-0.436,60
"1a","BTPP","3.NO2",0.474,6.211,0.11,0,1,0,0,0,0,0,0,0,0,0,0,0,0,0,0,5.305,0.973,-0.204,-0.43,51
"1a","BTPP","PBSF",0.474,6.211,0.11,0,1,0,0,0,0,0,0,0,0,0,0,0,0,0,0,5.305,0.926,-0.162,-0.384,65
"1f","DBU","3.Cl",0.808,0.994,0.12,0,0,1,0,0,0,0,0,0,0,0,0,0,0,0,0,7.397,0.973,-0.21,-0.439,0
"1f","DBU","PyFluor",0.808,0.994,0.12,0,0,1,0,0,0,0,0,0,0,0,0,0,0,0,0,7.397,0.849,-0.198,-0.401,4
"1f","DBU","3.CF3",0.808,0.994,0.12,0,0,1,0,0,0,0,0,0,0,0,0,0,0,0,0,7.397,0.978,-0.208,-0.436,2
"1f","DBU","3.NO2",0.808,0.994,0.12,0,0,1,0,0,0,0,0,0,0,0,0,0,0,0,0,7.397,0.973,-0.204,-0.43,4
"1f","DBU","PBSF",0.808,0.994,0.12,0,0,1,0,0,0,0,0,0,0,0,0,0,0,0,0,7.397,0.926,-0.162,-0.384,9
"1f","MTBD","3.Cl",0.808,0.994,0.12,0,0,1,0,0,0,0,0,0,0,0,0,0,0,0,0,6.069,0.973,-0.21,-0.439,1
"1f","MTBD","PyFluor",0.808,0.994,0.12,0,0,1,0,0,0,0,0,0,0,0,0,0,0,0,0,6.069,0.849,-0.198,-0.401,5
"1f","MTBD","3.CF3",0.808,0.994,0.12,0,0,1,0,0,0,0,0,0,0,0,0,0,0,0,0,6.069,0.978,-0.208,-0.436,4
"1f","MTBD","3.NO2",0.808,0.994,0.12,0,0,1,0,0,0,0,0,0,0,0,0,0,0,0,0,6.069,0.973,-0.204,-0.43,5
"1f","MTBD","PBSF",0.808,0.994,0.12,0,0,1,0,0,0,0,0,0,0,0,0,0,0,0,0,6.069,0.926,-0.162,-0.384,18
"1f","BTMG","3.Cl",0.808,0.994,0.12,0,0,1,0,0,0,0,0,0,0,0,0,0,0,0,0,4.727,0.973,-0.21,-0.439,0
"1f","BTMG","PyFluor",0.808,0.994,0.12,0,0,1,0,0,0,0,0,0,0,0,0,0,0,0,0,4.727,0.849,-0.198,-0.401,0
"1f","BTMG","3.CF3",0.808,0.994,0.12,0,0,1,0,0,0,0,0,0,0,0,0,0,0,0,0,4.727,0.978,-0.208,-0.436,0
"1f","BTMG","3.NO2",0.808,0.994,0.12,0,0,1,0,0,0,0,0,0,0,0,0,0,0,0,0,4.727,0.973,-0.204,-0.43,1
"1f","BTMG","PBSF",0.808,0.994,0.12,0,0,1,0,0,0,0,0,0,0,0,0,0,0,0,0,4.727,0.926,-0.162,-0.384,17
"1f","BTPP","3.Cl",0.808,0.994,0.12,0,0,1,0,0,0,0,0,0,0,0,0,0,0,0,0,5.305,0.973,-0.21,-0.439,0
"1f","BTPP","PyFluor",0.808,0.994,0.12,0,0,1,0,0,0,0,0,0,0,0,0,0,0,0,0,5.305,0.849,-0.198,-0.401,0
"1f","BTPP","3.CF3",0.808,0.994,0.12,0,0,1,0,0,0,0,0,0,0,0,0,0,0,0,0,5.305,0.978,-0.208,-0.436,1
"1f","BTPP","3.NO2",0.808,0.994,0.12,0,0,1,0,0,0,0,0,0,0,0,0,0,0,0,0,5.305,0.973,-0.204,-0.43,0
"1f","BTPP","PBSF",0.808,0.994,0.12,0,0,1,0,0,0,0,0,0,0,0,0,0,0,0,0,5.305,0.926,-0.162,-0.384,22
"1g","DBU","3.Cl",0.034,13.748,0.12,1,0,0,0,0,0,0,0,0,0,0,0,0,0,0,0,7.397,0.973,-0.21,-0.439,53
"1g","DBU","PyFluor",0.034,13.748,0.12,1,0,0,0,0,0,0,0,0,0,0,0,0,0,0,0,7.397,0.849,-0.198,-0.401,63
"1g","DBU","3.CF3",0.034,13.748,0.12,1,0,0,0,0,0,0,0,0,0,0,0,0,0,0,0,7.397,0.978,-0.208,-0.436,63
"1g","DBU","3.NO2",0.034,13.748,0.12,1,0,0,0,0,0,0,0,0,0,0,0,0,0,0,0,7.397,0.973,-0.204,-0.43,65
"1g","DBU","PBSF",0.034,13.748,0.12,1,0,0,0,0,0,0,0,0,0,0,0,0,0,0,0,7.397,0.926,-0.162,-0.384,60
"1g","MTBD","3.Cl",0.034,13.748,0.12,1,0,0,0,0,0,0,0,0,0,0,0,0,0,0,0,6.069,0.973,-0.21,-0.439,88
"1g","MTBD","PyFluor",0.034,13.748,0.12,1,0,0,0,0,0,0,0,0,0,0,0,0,0,0,0,6.069,0.849,-0.198,-0.401,84
"1g","MTBD","3.CF3",0.034,13.748,0.12,1,0,0,0,0,0,0,0,0,0,0,0,0,0,0,0,6.069,0.978,-0.208,-0.436,98
"1g","MTBD","3.NO2",0.034,13.748,0.12,1,0,0,0,0,0,0,0,0,0,0,0,0,0,0,0,6.069,0.973,-0.204,-0.43,89
"1g","MTBD","PBSF",0.034,13.748,0.12,1,0,0,0,0,0,0,0,0,0,0,0,0,0,0,0,6.069,0.926,-0.162,-0.384,82
"1g","BTMG","3.Cl",0.034,13.748,0.12,1,0,0,0,0,0,0,0,0,0,0,0,0,0,0,0,4.727,0.973,-0.21,-0.439,94
"1g","BTMG","PyFluor",0.034,13.748,0.12,1,0,0,0,0,0,0,0,0,0,0,0,0,0,0,0,4.727,0.849,-0.198,-0.401,91
"1g","BTMG","3.CF3",0.034,13.748,0.12,1,0,0,0,0,0,0,0,0,0,0,0,0,0,0,0,4.727,0.978,-0.208,-0.436,106
"1g","BTMG","3.NO2",0.034,13.748,0.12,1,0,0,0,0,0,0,0,0,0,0,0,0,0,0,0,4.727,0.973,-0.204,-0.43,101
"1g","BTMG","PBSF",0.034,13.748,0.12,1,0,0,0,0,0,0,0,0,0,0,0,0,0,0,0,4.727,0.926,-0.162,-0.384,91
"1g","BTPP","3.Cl",0.034,13.748,0.12,1,0,0,0,0,0,0,0,0,0,0,0,0,0,0,0,5.305,0.973,-0.21,-0.439,94
"1g","BTPP","PyFluor",0.034,13.748,0.12,1,0,0,0,0,0,0,0,0,0,0,0,0,0,0,0,5.305,0.849,-0.198,-0.401,98
"1g","BTPP","3.CF3",0.034,13.748,0.12,1,0,0,0,0,0,0,0,0,0,0,0,0,0,0,0,5.305,0.978,-0.208,-0.436,104
"1g","BTPP","3.NO2",0.034,13.748,0.12,1,0,0,0,0,0,0,0,0,0,0,0,0,0,0,0,5.305,0.973,-0.204,-0.43,95
"1g","BTPP","PBSF",0.034,13.748,0.12,1,0,0,0,0,0,0,0,0,0,0,0,0,0,0,0,5.305,0.926,-0.162,-0.384,94
"1h","DBU","3.Cl",0.484,6.218,0.12,0,1,0,0,0,0,0,0,0,0,0,0,0,0,0,0,7.397,0.973,-0.21,-0.439,53
"1h","DBU","PyFluor",0.484,6.218,0.12,0,1,0,0,0,0,0,0,0,0,0,0,0,0,0,0,7.397,0.849,-0.198,-0.401,68
"1h","DBU","3.CF3",0.484,6.218,0.12,0,1,0,0,0,0,0,0,0,0,0,0,0,0,0,0,7.397,0.978,-0.208,-0.436,71
"1h","DBU","3.NO2",0.484,6.218,0.12,0,1,0,0,0,0,0,0,0,0,0,0,0,0,0,0,7.397,0.973,-0.204,-0.43,74
"1h","DBU","PBSF",0.484,6.218,0.12,0,1,0,0,0,0,0,0,0,0,0,0,0,0,0,0,7.397,0.926,-0.162,-0.384,54
"1h","MTBD","3.Cl",0.484,6.218,0.12,0,1,0,0,0,0,0,0,0,0,0,0,0,0,0,0,6.069,0.973,-0.21,-0.439,52
"1h","MTBD","PyFluor",0.484,6.218,0.12,0,1,0,0,0,0,0,0,0,0,0,0,0,0,0,0,6.069,0.849,-0.198,-0.401,68
"1h","MTBD","3.CF3",0.484,6.218,0.12,0,1,0,0,0,0,0,0,0,0,0,0,0,0,0,0,6.069,0.978,-0.208,-0.436,72
"1h","MTBD","3.NO2",0.484,6.218,0.12,0,1,0,0,0,0,0,0,0,0,0,0,0,0,0,0,6.069,0.973,-0.204,-0.43,66
"1h","MTBD","PBSF",0.484,6.218,0.12,0,1,0,0,0,0,0,0,0,0,0,0,0,0,0,0,6.069,0.926,-0.162,-0.384,53
"1h","BTMG","3.Cl",0.484,6.218,0.12,0,1,0,0,0,0,0,0,0,0,0,0,0,0,0,0,4.727,0.973,-0.21,-0.439,49
"1h","BTMG","PyFluor",0.484,6.218,0.12,0,1,0,0,0,0,0,0,0,0,0,0,0,0,0,0,4.727,0.849,-0.198,-0.401,69
"1h","BTMG","3.CF3",0.484,6.218,0.12,0,1,0,0,0,0,0,0,0,0,0,0,0,0,0,0,4.727,0.978,-0.208,-0.436,80
"1h","BTMG","3.NO2",0.484,6.218,0.12,0,1,0,0,0,0,0,0,0,0,0,0,0,0,0,0,4.727,0.973,-0.204,-0.43,82
"1h","BTMG","PBSF",0.484,6.218,0.12,0,1,0,0,0,0,0,0,0,0,0,0,0,0,0,0,4.727,0.926,-0.162,-0.384,76
"1h","BTPP","3.Cl",0.484,6.218,0.12,0,1,0,0,0,0,0,0,0,0,0,0,0,0,0,0,5.305,0.973,-0.21,-0.439,48
"1h","BTPP","PyFluor",0.484,6.218,0.12,0,1,0,0,0,0,0,0,0,0,0,0,0,0,0,0,5.305,0.849,-0.198,-0.401,67
"1h","BTPP","3.CF3",0.484,6.218,0.12,0,1,0,0,0,0,0,0,0,0,0,0,0,0,0,0,5.305,0.978,-0.208,-0.436,78
"1h","BTPP","3.NO2",0.484,6.218,0.12,0,1,0,0,0,0,0,0,0,0,0,0,0,0,0,0,5.305,0.973,-0.204,-0.43,66
"1h","BTPP","PBSF",0.484,6.218,0.12,0,1,0,0,0,0,0,0,0,0,0,0,0,0,0,0,5.305,0.926,-0.162,-0.384,72
"1i","DBU","3.Cl",0,13.545,0.15,1,0,0,0,0,0,0,0,0,0,0,0,0,0,0,0,7.397,0.973,-0.21,-0.439,6
"1i","DBU","PyFluor",0,13.545,0.15,1,0,0,0,0,0,0,0,0,0,0,0,0,0,0,0,7.397,0.849,-0.198,-0.401,13
"1i","DBU","3.CF3",0,13.545,0.15,1,0,0,0,0,0,0,0,0,0,0,0,0,0,0,0,7.397,0.978,-0.208,-0.436,14
"1i","DBU","3.NO2",0,13.545,0.15,1,0,0,0,0,0,0,0,0,0,0,0,0,0,0,0,7.397,0.973,-0.204,-0.43,17
"1i","DBU","PBSF",0,13.545,0.15,1,0,0,0,0,0,0,0,0,0,0,0,0,0,0,0,7.397,0.926,-0.162,-0.384,29
"1i","MTBD","3.Cl",0,13.545,0.15,1,0,0,0,0,0,0,0,0,0,0,0,0,0,0,0,6.069,0.973,-0.21,-0.439,17
"1i","MTBD","PyFluor",0,13.545,0.15,1,0,0,0,0,0,0,0,0,0,0,0,0,0,0,0,6.069,0.849,-0.198,-0.401,26
"1i","MTBD","3.CF3",0,13.545,0.15,1,0,0,0,0,0,0,0,0,0,0,0,0,0,0,0,6.069,0.978,-0.208,-0.436,30
"1i","MTBD","3.NO2",0,13.545,0.15,1,0,0,0,0,0,0,0,0,0,0,0,0,0,0,0,6.069,0.973,-0.204,-0.43,36
"1i","MTBD","PBSF",0,13.545,0.15,1,0,0,0,0,0,0,0,0,0,0,0,0,0,0,0,6.069,0.926,-0.162,-0.384,38
"1i","BTMG","3.Cl",0,13.545,0.15,1,0,0,0,0,0,0,0,0,0,0,0,0,0,0,0,4.727,0.973,-0.21,-0.439,21
"1i","BTMG","PyFluor",0,13.545,0.15,1,0,0,0,0,0,0,0,0,0,0,0,0,0,0,0,4.727,0.849,-0.198,-0.401,31
"1i","BTMG","3.CF3",0,13.545,0.15,1,0,0,0,0,0,0,0,0,0,0,0,0,0,0,0,4.727,0.978,-0.208,-0.436,34
"1i","BTMG","3.NO2",0,13.545,0.15,1,0,0,0,0,0,0,0,0,0,0,0,0,0,0,0,4.727,0.973,-0.204,-0.43,40
"1i","BTMG","PBSF",0,13.545,0.15,1,0,0,0,0,0,0,0,0,0,0,0,0,0,0,0,4.727,0.926,-0.162,-0.384,49
"1i","BTPP","3.Cl",0,13.545,0.15,1,0,0,0,0,0,0,0,0,0,0,0,0,0,0,0,5.305,0.973,-0.21,-0.439,32
"1i","BTPP","PyFluor",0,13.545,0.15,1,0,0,0,0,0,0,0,0,0,0,0,0,0,0,0,5.305,0.849,-0.198,-0.401,38
"1i","BTPP","3.CF3",0,13.545,0.15,1,0,0,0,0,0,0,0,0,0,0,0,0,0,0,0,5.305,0.978,-0.208,-0.436,45
"1i","BTPP","3.NO2",0,13.545,0.15,1,0,0,0,0,0,0,0,0,0,0,0,0,0,0,0,5.305,0.973,-0.204,-0.43,49
"1i","BTPP","PBSF",0,13.545,0.15,1,0,0,0,0,0,0,0,0,0,0,0,0,0,0,0,5.305,0.926,-0.162,-0.384,47
"1j","DBU","3.Cl",-0.044,12.357,0.15,1,0,0,0,0,0,0,0,0,0,0,0,0,0,0,1,7.397,0.973,-0.21,-0.439,43
"1j","DBU","PyFluor",-0.044,12.357,0.15,1,0,0,0,0,0,0,0,0,0,0,0,0,0,0,1,7.397,0.849,-0.198,-0.401,54
"1j","DBU","3.CF3",-0.044,12.357,0.15,1,0,0,0,0,0,0,0,0,0,0,0,0,0,0,1,7.397,0.978,-0.208,-0.436,54
"1j","DBU","3.NO2",-0.044,12.357,0.15,1,0,0,0,0,0,0,0,0,0,0,0,0,0,0,1,7.397,0.973,-0.204,-0.43,58
"1j","DBU","PBSF",-0.044,12.357,0.15,1,0,0,0,0,0,0,0,0,0,0,0,0,0,0,1,7.397,0.926,-0.162,-0.384,52
"1j","MTBD","3.Cl",-0.044,12.357,0.15,1,0,0,0,0,0,0,0,0,0,0,0,0,0,0,1,6.069,0.973,-0.21,-0.439,72
"1j","MTBD","PyFluor",-0.044,12.357,0.15,1,0,0,0,0,0,0,0,0,0,0,0,0,0,0,1,6.069,0.849,-0.198,-0.401,74
"1j","MTBD","3.CF3",-0.044,12.357,0.15,1,0,0,0,0,0,0,0,0,0,0,0,0,0,0,1,6.069,0.978,-0.208,-0.436,80
"1j","MTBD","3.NO2",-0.044,12.357,0.15,1,0,0,0,0,0,0,0,0,0,0,0,0,0,0,1,6.069,0.973,-0.204,-0.43,77
"1j","MTBD","PBSF",-0.044,12.357,0.15,1,0,0,0,0,0,0,0,0,0,0,0,0,0,0,1,6.069,0.926,-0.162,-0.384,65
"1j","BTMG","3.Cl",-0.044,12.357,0.15,1,0,0,0,0,0,0,0,0,0,0,0,0,0,0,1,4.727,0.973,-0.21,-0.439,73
"1j","BTMG","PyFluor",-0.044,12.357,0.15,1,0,0,0,0,0,0,0,0,0,0,0,0,0,0,1,4.727,0.849,-0.198,-0.401,76
"1j","BTMG","3.CF3",-0.044,12.357,0.15,1,0,0,0,0,0,0,0,0,0,0,0,0,0,0,1,4.727,0.978,-0.208,-0.436,80
"1j","BTMG","3.NO2",-0.044,12.357,0.15,1,0,0,0,0,0,0,0,0,0,0,0,0,0,0,1,4.727,0.973,-0.204,-0.43,77
"1j","BTMG","PBSF",-0.044,12.357,0.15,1,0,0,0,0,0,0,0,0,0,0,0,0,0,0,1,4.727,0.926,-0.162,-0.384,56
"1j","BTPP","3.Cl",-0.044,12.357,0.15,1,0,0,0,0,0,0,0,0,0,0,0,0,0,0,1,5.305,0.973,-0.21,-0.439,66
"1j","BTPP","PyFluor",-0.044,12.357,0.15,1,0,0,0,0,0,0,0,0,0,0,0,0,0,0,1,5.305,0.849,-0.198,-0.401,75
"1j","BTPP","3.CF3",-0.044,12.357,0.15,1,0,0,0,0,0,0,0,0,0,0,0,0,0,0,1,5.305,0.978,-0.208,-0.436,67
"1j","BTPP","3.NO2",-0.044,12.357,0.15,1,0,0,0,0,0,0,0,0,0,0,0,0,0,0,1,5.305,0.973,-0.204,-0.43,73
"1j","BTPP","PBSF",-0.044,12.357,0.15,1,0,0,0,0,0,0,0,0,0,0,0,0,0,0,1,5.305,0.926,-0.162,-0.384,46
"1k","DBU","3.Cl",-0.043,12.177,0.11,1,0,0,0,0,0,0,0,0,0,0,0,0,0,0,1,7.397,0.973,-0.21,-0.439,6
"1k","DBU","PyFluor",-0.043,12.177,0.11,1,0,0,0,0,0,0,0,0,0,0,0,0,0,0,1,7.397,0.849,-0.198,-0.401,7
"1k","DBU","3.CF3",-0.043,12.177,0.11,1,0,0,0,0,0,0,0,0,0,0,0,0,0,0,1,7.397,0.978,-0.208,-0.436,8
"1k","DBU","3.NO2",-0.043,12.177,0.11,1,0,0,0,0,0,0,0,0,0,0,0,0,0,0,1,7.397,0.973,-0.204,-0.43,8
"1k","DBU","PBSF",-0.043,12.177,0.11,1,0,0,0,0,0,0,0,0,0,0,0,0,0,0,1,7.397,0.926,-0.162,-0.384,10
"1k","MTBD","3.Cl",-0.043,12.177,0.11,1,0,0,0,0,0,0,0,0,0,0,0,0,0,0,1,6.069,0.973,-0.21,-0.439,21
"1k","MTBD","PyFluor",-0.043,12.177,0.11,1,0,0,0,0,0,0,0,0,0,0,0,0,0,0,1,6.069,0.849,-0.198,-0.401,18
"1k","MTBD","3.CF3",-0.043,12.177,0.11,1,0,0,0,0,0,0,0,0,0,0,0,0,0,0,1,6.069,0.978,-0.208,-0.436,22
"1k","MTBD","3.NO2",-0.043,12.177,0.11,1,0,0,0,0,0,0,0,0,0,0,0,0,0,0,1,6.069,0.973,-0.204,-0.43,20
"1k","MTBD","PBSF",-0.043,12.177,0.11,1,0,0,0,0,0,0,0,0,0,0,0,0,0,0,1,6.069,0.926,-0.162,-0.384,23
"1k","BTMG","3.Cl",-0.043,12.177,0.11,1,0,0,0,0,0,0,0,0,0,0,0,0,0,0,1,4.727,0.973,-0.21,-0.439,26
"1k","BTMG","PyFluor",-0.043,12.177,0.11,1,0,0,0,0,0,0,0,0,0,0,0,0,0,0,1,4.727,0.849,-0.198,-0.401,17
"1k","BTMG","3.CF3",-0.043,12.177,0.11,1,0,0,0,0,0,0,0,0,0,0,0,0,0,0,1,4.727,0.978,-0.208,-0.436,28
"1k","BTMG","3.NO2",-0.043,12.177,0.11,1,0,0,0,0,0,0,0,0,0,0,0,0,0,0,1,4.727,0.973,-0.204,-0.43,27
"1k","BTMG","PBSF",-0.043,12.177,0.11,1,0,0,0,0,0,0,0,0,0,0,0,0,0,0,1,4.727,0.926,-0.162,-0.384,30
"1k","BTPP","3.Cl",-0.043,12.177,0.11,1,0,0,0,0,0,0,0,0,0,0,0,0,0,0,1,5.305,0.973,-0.21,-0.439,27
"1k","BTPP","PyFluor",-0.043,12.177,0.11,1,0,0,0,0,0,0,0,0,0,0,0,0,0,0,1,5.305,0.849,-0.198,-0.401,16
"1k","BTPP","3.CF3",-0.043,12.177,0.11,1,0,0,0,0,0,0,0,0,0,0,0,0,0,0,1,5.305,0.978,-0.208,-0.436,31
"1k","BTPP","3.NO2",-0.043,12.177,0.11,1,0,0,0,0,0,0,0,0,0,0,0,0,0,0,1,5.305,0.973,-0.204,-0.43,28
"1k","BTPP","PBSF",-0.043,12.177,0.11,1,0,0,0,0,0,0,0,0,0,0,0,0,0,0,1,5.305,0.926,-0.162,-0.384,36
"1c","DBU","3.Cl",0.425,8.427,0.12,0,1,0,1,1,0,0,0,0,0,0,0,0,0,0,0,7.397,0.973,-0.21,-0.439,1
"1c","DBU","PyFluor",0.425,8.427,0.12,0,1,0,1,1,0,0,0,0,0,0,0,0,0,0,0,7.397,0.849,-0.198,-0.401,1
"1c","DBU","3.CF3",0.425,8.427,0.12,0,1,0,1,1,0,0,0,0,0,0,0,0,0,0,0,7.397,0.978,-0.208,-0.436,3
"1c","DBU","3.NO2",0.425,8.427,0.12,0,1,0,1,1,0,0,0,0,0,0,0,0,0,0,0,7.397,0.973,-0.204,-0.43,11
"1c","DBU","PBSF",0.425,8.427,0.12,0,1,0,1,1,0,0,0,0,0,0,0,0,0,0,0,7.397,0.926,-0.162,-0.384,83
"1c","MTBD","3.Cl",0.425,8.427,0.12,0,1,0,1,1,0,0,0,0,0,0,0,0,0,0,0,6.069,0.973,-0.21,-0.439,1
"1c","MTBD","PyFluor",0.425,8.427,0.12,0,1,0,1,1,0,0,0,0,0,0,0,0,0,0,0,6.069,0.849,-0.198,-0.401,2
"1c","MTBD","3.CF3",0.425,8.427,0.12,0,1,0,1,1,0,0,0,0,0,0,0,0,0,0,0,6.069,0.978,-0.208,-0.436,4
"1c","MTBD","3.NO2",0.425,8.427,0.12,0,1,0,1,1,0,0,0,0,0,0,0,0,0,0,0,6.069,0.973,-0.204,-0.43,12
"1c","MTBD","PBSF",0.425,8.427,0.12,0,1,0,1,1,0,0,0,0,0,0,0,0,0,0,0,6.069,0.926,-0.162,-0.384,79
"1c","BTMG","3.Cl",0.425,8.427,0.12,0,1,0,1,1,0,0,0,0,0,0,0,0,0,0,0,4.727,0.973,-0.21,-0.439,1
"1c","BTMG","PyFluor",0.425,8.427,0.12,0,1,0,1,1,0,0,0,0,0,0,0,0,0,0,0,4.727,0.849,-0.198,-0.401,1
"1c","BTMG","3.CF3",0.425,8.427,0.12,0,1,0,1,1,0,0,0,0,0,0,0,0,0,0,0,4.727,0.978,-0.208,-0.436,5
"1c","BTMG","3.NO2",0.425,8.427,0.12,0,1,0,1,1,0,0,0,0,0,0,0,0,0,0,0,4.727,0.973,-0.204,-0.43,12
"1c","BTMG","PBSF",0.425,8.427,0.12,0,1,0,1,1,0,0,0,0,0,0,0,0,0,0,0,4.727,0.926,-0.162,-0.384,89
"1c","BTPP","3.Cl",0.425,8.427,0.12,0,1,0,1,1,0,0,0,0,0,0,0,0,0,0,0,5.305,0.973,-0.21,-0.439,3
"1c","BTPP","PyFluor",0.425,8.427,0.12,0,1,0,1,1,0,0,0,0,0,0,0,0,0,0,0,5.305,0.849,-0.198,-0.401,1
"1c","BTPP","3.CF3",0.425,8.427,0.12,0,1,0,1,1,0,0,0,0,0,0,0,0,0,0,0,5.305,0.978,-0.208,-0.436,12
"1c","BTPP","3.NO2",0.425,8.427,0.12,0,1,0,1,1,0,0,0,0,0,0,0,0,0,0,0,5.305,0.973,-0.204,-0.43,22
"1c","BTPP","PBSF",0.425,8.427,0.12,0,1,0,1,1,0,0,0,0,0,0,0,0,0,0,0,5.305,0.926,-0.162,-0.384,82
"1l","DBU","3.Cl",0.332,6.896,0.11,0,1,0,1,0,1,0,0,0,0,0,0,0,0,0,0,7.397,0.973,-0.21,-0.439,23
"1l","DBU","PyFluor",0.332,6.896,0.11,0,1,0,1,0,1,0,0,0,0,0,0,0,0,0,0,7.397,0.849,-0.198,-0.401,40
"1l","DBU","3.CF3",0.332,6.896,0.11,0,1,0,1,0,1,0,0,0,0,0,0,0,0,0,0,7.397,0.978,-0.208,-0.436,47
"1l","DBU","3.NO2",0.332,6.896,0.11,0,1,0,1,0,1,0,0,0,0,0,0,0,0,0,0,7.397,0.973,-0.204,-0.43,55
"1l","DBU","PBSF",0.332,6.896,0.11,0,1,0,1,0,1,0,0,0,0,0,0,0,0,0,0,7.397,0.926,-0.162,-0.384,76
"1l","MTBD","3.Cl",0.332,6.896,0.11,0,1,0,1,0,1,0,0,0,0,0,0,0,0,0,0,6.069,0.973,-0.21,-0.439,34
"1l","MTBD","PyFluor",0.332,6.896,0.11,0,1,0,1,0,1,0,0,0,0,0,0,0,0,0,0,6.069,0.849,-0.198,-0.401,41
"1l","MTBD","3.CF3",0.332,6.896,0.11,0,1,0,1,0,1,0,0,0,0,0,0,0,0,0,0,6.069,0.978,-0.208,-0.436,60
"1l","MTBD","3.NO2",0.332,6.896,0.11,0,1,0,1,0,1,0,0,0,0,0,0,0,0,0,0,6.069,0.973,-0.204,-0.43,65
"1l","MTBD","PBSF",0.332,6.896,0.11,0,1,0,1,0,1,0,0,0,0,0,0,0,0,0,0,6.069,0.926,-0.162,-0.384,88
"1l","BTMG","3.Cl",0.332,6.896,0.11,0,1,0,1,0,1,0,0,0,0,0,0,0,0,0,0,4.727,0.973,-0.21,-0.439,30
"1l","BTMG","PyFluor",0.332,6.896,0.11,0,1,0,1,0,1,0,0,0,0,0,0,0,0,0,0,4.727,0.849,-0.198,-0.401,39
"1l","BTMG","3.CF3",0.332,6.896,0.11,0,1,0,1,0,1,0,0,0,0,0,0,0,0,0,0,4.727,0.978,-0.208,-0.436,47
"1l","BTMG","3.NO2",0.332,6.896,0.11,0,1,0,1,0,1,0,0,0,0,0,0,0,0,0,0,4.727,0.973,-0.204,-0.43,55
"1l","BTMG","PBSF",0.332,6.896,0.11,0,1,0,1,0,1,0,0,0,0,0,0,0,0,0,0,4.727,0.926,-0.162,-0.384,79
"1l","BTPP","3.Cl",0.332,6.896,0.11,0,1,0,1,0,1,0,0,0,0,0,0,0,0,0,0,5.305,0.973,-0.21,-0.439,46
"1l","BTPP","PyFluor",0.332,6.896,0.11,0,1,0,1,0,1,0,0,0,0,0,0,0,0,0,0,5.305,0.849,-0.198,-0.401,49
"1l","BTPP","3.CF3",0.332,6.896,0.11,0,1,0,1,0,1,0,0,0,0,0,0,0,0,0,0,5.305,0.978,-0.208,-0.436,58
"1l","BTPP","3.NO2",0.332,6.896,0.11,0,1,0,1,0,1,0,0,0,0,0,0,0,0,0,0,5.305,0.973,-0.204,-0.43,56
"1l","BTPP","PBSF",0.332,6.896,0.11,0,1,0,1,0,1,0,0,0,0,0,0,0,0,0,0,5.305,0.926,-0.162,-0.384,82
"1d","DBU","3.Cl",0.369,7.621,0.12,0,1,0,1,0,1,0,0,0,0,0,0,0,0,0,0,7.397,0.973,-0.21,-0.439,25
"1d","DBU","PyFluor",0.369,7.621,0.12,0,1,0,1,0,1,0,0,0,0,0,0,0,0,0,0,7.397,0.849,-0.198,-0.401,45
"1d","DBU","3.CF3",0.369,7.621,0.12,0,1,0,1,0,1,0,0,0,0,0,0,0,0,0,0,7.397,0.978,-0.208,-0.436,41
"1d","DBU","3.NO2",0.369,7.621,0.12,0,1,0,1,0,1,0,0,0,0,0,0,0,0,0,0,7.397,0.973,-0.204,-0.43,48
"1d","DBU","PBSF",0.369,7.621,0.12,0,1,0,1,0,1,0,0,0,0,0,0,0,0,0,0,7.397,0.926,-0.162,-0.384,59
"1d","MTBD","3.Cl",0.369,7.621,0.12,0,1,0,1,0,1,0,0,0,0,0,0,0,0,0,0,6.069,0.973,-0.21,-0.439,30
"1d","MTBD","PyFluor",0.369,7.621,0.12,0,1,0,1,0,1,0,0,0,0,0,0,0,0,0,0,6.069,0.849,-0.198,-0.401,40
"1d","MTBD","3.CF3",0.369,7.621,0.12,0,1,0,1,0,1,0,0,0,0,0,0,0,0,0,0,6.069,0.978,-0.208,-0.436,47
"1d","MTBD","3.NO2",0.369,7.621,0.12,0,1,0,1,0,1,0,0,0,0,0,0,0,0,0,0,6.069,0.973,-0.204,-0.43,48
"1d","MTBD","PBSF",0.369,7.621,0.12,0,1,0,1,0,1,0,0,0,0,0,0,0,0,0,0,6.069,0.926,-0.162,-0.384,74
"1d","BTMG","3.Cl",0.369,7.621,0.12,0,1,0,1,0,1,0,0,0,0,0,0,0,0,0,0,4.727,0.973,-0.21,-0.439,29
"1d","BTMG","PyFluor",0.369,7.621,0.12,0,1,0,1,0,1,0,0,0,0,0,0,0,0,0,0,4.727,0.849,-0.198,-0.401,39
"1d","BTMG","3.CF3",0.369,7.621,0.12,0,1,0,1,0,1,0,0,0,0,0,0,0,0,0,0,4.727,0.978,-0.208,-0.436,39
"1d","BTMG","3.NO2",0.369,7.621,0.12,0,1,0,1,0,1,0,0,0,0,0,0,0,0,0,0,4.727,0.973,-0.204,-0.43,40
"1d","BTMG","PBSF",0.369,7.621,0.12,0,1,0,1,0,1,0,0,0,0,0,0,0,0,0,0,4.727,0.926,-0.162,-0.384,64
"1d","BTPP","3.Cl",0.369,7.621,0.12,0,1,0,1,0,1,0,0,0,0,0,0,0,0,0,0,5.305,0.973,-0.21,-0.439,30
"1d","BTPP","PyFluor",0.369,7.621,0.12,0,1,0,1,0,1,0,0,0,0,0,0,0,0,0,0,5.305,0.849,-0.198,-0.401,33
"1d","BTPP","3.CF3",0.369,7.621,0.12,0,1,0,1,0,1,0,0,0,0,0,0,0,0,0,0,5.305,0.978,-0.208,-0.436,33
"1d","BTPP","3.NO2",0.369,7.621,0.12,0,1,0,1,0,1,0,0,0,0,0,0,0,0,0,0,5.305,0.973,-0.204,-0.43,32
"1d","BTPP","PBSF",0.369,7.621,0.12,0,1,0,1,0,1,0,0,0,0,0,0,0,0,0,0,5.305,0.926,-0.162,-0.384,58
"1m","DBU","3.Cl",0.374,6.723,0.09,0,1,0,1,0,1,0,0,0,0,0,0,0,0,0,0,7.397,0.973,-0.21,-0.439,0
"1m","DBU","PyFluor",0.374,6.723,0.09,0,1,0,1,0,1,0,0,0,0,0,0,0,0,0,0,7.397,0.849,-0.198,-0.401,0
"1m","DBU","3.CF3",0.374,6.723,0.09,0,1,0,1,0,1,0,0,0,0,0,0,0,0,0,0,7.397,0.978,-0.208,-0.436,0
"1m","DBU","3.NO2",0.374,6.723,0.09,0,1,0,1,0,1,0,0,0,0,0,0,0,0,0,0,7.397,0.973,-0.204,-0.43,0
"1m","DBU","PBSF",0.374,6.723,0.09,0,1,0,1,0,1,0,0,0,0,0,0,0,0,0,0,7.397,0.926,-0.162,-0.384,65
"1m","MTBD","3.Cl",0.374,6.723,0.09,0,1,0,1,0,1,0,0,0,0,0,0,0,0,0,0,6.069,0.973,-0.21,-0.439,0
"1m","MTBD","PyFluor",0.374,6.723,0.09,0,1,0,1,0,1,0,0,0,0,0,0,0,0,0,0,6.069,0.849,-0.198,-0.401,0
"1m","MTBD","3.CF3",0.374,6.723,0.09,0,1,0,1,0,1,0,0,0,0,0,0,0,0,0,0,6.069,0.978,-0.208,-0.436,0
"1m","MTBD","3.NO2",0.374,6.723,0.09,0,1,0,1,0,1,0,0,0,0,0,0,0,0,0,0,6.069,0.973,-0.204,-0.43,0
"1m","MTBD","PBSF",0.374,6.723,0.09,0,1,0,1,0,1,0,0,0,0,0,0,0,0,0,0,6.069,0.926,-0.162,-0.384,80
"1m","BTMG","3.Cl",0.374,6.723,0.09,0,1,0,1,0,1,0,0,0,0,0,0,0,0,0,0,4.727,0.973,-0.21,-0.439,0
"1m","BTMG","PyFluor",0.374,6.723,0.09,0,1,0,1,0,1,0,0,0,0,0,0,0,0,0,0,4.727,0.849,-0.198,-0.401,0
"1m","BTMG","3.CF3",0.374,6.723,0.09,0,1,0,1,0,1,0,0,0,0,0,0,0,0,0,0,4.727,0.978,-0.208,-0.436,0
"1m","BTMG","3.NO2",0.374,6.723,0.09,0,1,0,1,0,1,0,0,0,0,0,0,0,0,0,0,4.727,0.973,-0.204,-0.43,0
"1m","BTMG","PBSF",0.374,6.723,0.09,0,1,0,1,0,1,0,0,0,0,0,0,0,0,0,0,4.727,0.926,-0.162,-0.384,70
"1m","BTPP","3.Cl",0.374,6.723,0.09,0,1,0,1,0,1,0,0,0,0,0,0,0,0,0,0,5.305,0.973,-0.21,-0.439,0
"1m","BTPP","PyFluor",0.374,6.723,0.09,0,1,0,1,0,1,0,0,0,0,0,0,0,0,0,0,5.305,0.849,-0.198,-0.401,0
"1m","BTPP","3.CF3",0.374,6.723,0.09,0,1,0,1,0,1,0,0,0,0,0,0,0,0,0,0,5.305,0.978,-0.208,-0.436,0
"1m","BTPP","3.NO2",0.374,6.723,0.09,0,1,0,1,0,1,0,0,0,0,0,0,0,0,0,0,5.305,0.973,-0.204,-0.43,0
"1m","BTPP","PBSF",0.374,6.723,0.09,0,1,0,1,0,1,0,0,0,0,0,0,0,0,0,0,5.305,0.926,-0.162,-0.384,70
"1n","DBU","3.Cl",0.209,7.551,0.13,0,1,0,1,0,1,0,0,0,0,0,0,0,0,0,0,7.397,0.973,-0.21,-0.439,0
"1n","DBU","PyFluor",0.209,7.551,0.13,0,1,0,1,0,1,0,0,0,0,0,0,0,0,0,0,7.397,0.849,-0.198,-0.401,1
"1n","DBU","3.CF3",0.209,7.551,0.13,0,1,0,1,0,1,0,0,0,0,0,0,0,0,0,0,7.397,0.978,-0.208,-0.436,3
"1n","DBU","3.NO2",0.209,7.551,0.13,0,1,0,1,0,1,0,0,0,0,0,0,0,0,0,0,7.397,0.973,-0.204,-0.43,7
"1n","DBU","PBSF",0.209,7.551,0.13,0,1,0,1,0,1,0,0,0,0,0,0,0,0,0,0,7.397,0.926,-0.162,-0.384,91
"1n","MTBD","3.Cl",0.209,7.551,0.13,0,1,0,1,0,1,0,0,0,0,0,0,0,0,0,0,6.069,0.973,-0.21,-0.439,2
"1n","MTBD","PyFluor",0.209,7.551,0.13,0,1,0,1,0,1,0,0,0,0,0,0,0,0,0,0,6.069,0.849,-0.198,-0.401,3
"1n","MTBD","3.CF3",0.209,7.551,0.13,0,1,0,1,0,1,0,0,0,0,0,0,0,0,0,0,6.069,0.978,-0.208,-0.436,7
"1n","MTBD","3.NO2",0.209,7.551,0.13,0,1,0,1,0,1,0,0,0,0,0,0,0,0,0,0,6.069,0.973,-0.204,-0.43,14
"1n","MTBD","PBSF",0.209,7.551,0.13,0,1,0,1,0,1,0,0,0,0,0,0,0,0,0,0,6.069,0.926,-0.162,-0.384,105
"1n","BTMG","3.Cl",0.209,7.551,0.13,0,1,0,1,0,1,0,0,0,0,0,0,0,0,0,0,4.727,0.973,-0.21,-0.439,2
"1n","BTMG","PyFluor",0.209,7.551,0.13,0,1,0,1,0,1,0,0,0,0,0,0,0,0,0,0,4.727,0.849,-0.198,-0.401,2
"1n","BTMG","3.CF3",0.209,7.551,0.13,0,1,0,1,0,1,0,0,0,0,0,0,0,0,0,0,4.727,0.978,-0.208,-0.436,6
"1n","BTMG","3.NO2",0.209,7.551,0.13,0,1,0,1,0,1,0,0,0,0,0,0,0,0,0,0,4.727,0.973,-0.204,-0.43,12
"1n","BTMG","PBSF",0.209,7.551,0.13,0,1,0,1,0,1,0,0,0,0,0,0,0,0,0,0,4.727,0.926,-0.162,-0.384,97
"1n","BTPP","3.Cl",0.209,7.551,0.13,0,1,0,1,0,1,0,0,0,0,0,0,0,0,0,0,5.305,0.973,-0.21,-0.439,8
"1n","BTPP","PyFluor",0.209,7.551,0.13,0,1,0,1,0,1,0,0,0,0,0,0,0,0,0,0,5.305,0.849,-0.198,-0.401,5
"1n","BTPP","3.CF3",0.209,7.551,0.13,0,1,0,1,0,1,0,0,0,0,0,0,0,0,0,0,5.305,0.978,-0.208,-0.436,23
"1n","BTPP","3.NO2",0.209,7.551,0.13,0,1,0,1,0,1,0,0,0,0,0,0,0,0,0,0,5.305,0.973,-0.204,-0.43,30
"1n","BTPP","PBSF",0.209,7.551,0.13,0,1,0,1,0,1,0,0,0,0,0,0,0,0,0,0,5.305,0.926,-0.162,-0.384,106
"1o","DBU","3.Cl",0.319,6.271,0.17,0,1,0,1,0,0,1,0,0,0,0,0,0,0,0,0,7.397,0.973,-0.21,-0.439,1
"1o","DBU","PyFluor",0.319,6.271,0.17,0,1,0,1,0,0,1,0,0,0,0,0,0,0,0,0,7.397,0.849,-0.198,-0.401,1
"1o","DBU","3.CF3",0.319,6.271,0.17,0,1,0,1,0,0,1,0,0,0,0,0,0,0,0,0,7.397,0.978,-0.208,-0.436,5
"1o","DBU","3.NO2",0.319,6.271,0.17,0,1,0,1,0,0,1,0,0,0,0,0,0,0,0,0,7.397,0.973,-0.204,-0.43,12
"1o","DBU","PBSF",0.319,6.271,0.17,0,1,0,1,0,0,1,0,0,0,0,0,0,0,0,0,7.397,0.926,-0.162,-0.384,40
"1o","MTBD","3.Cl",0.319,6.271,0.17,0,1,0,1,0,0,1,0,0,0,0,0,0,0,0,0,6.069,0.973,-0.21,-0.439,2
"1o","MTBD","PyFluor",0.319,6.271,0.17,0,1,0,1,0,0,1,0,0,0,0,0,0,0,0,0,6.069,0.849,-0.198,-0.401,3
"1o","MTBD","3.CF3",0.319,6.271,0.17,0,1,0,1,0,0,1,0,0,0,0,0,0,0,0,0,6.069,0.978,-0.208,-0.436,6
"1o","MTBD","3.NO2",0.319,6.271,0.17,0,1,0,1,0,0,1,0,0,0,0,0,0,0,0,0,6.069,0.973,-0.204,-0.43,12
"1o","MTBD","PBSF",0.319,6.271,0.17,0,1,0,1,0,0,1,0,0,0,0,0,0,0,0,0,6.069,0.926,-0.162,-0.384,48
"1o","BTMG","3.Cl",0.319,6.271,0.17,0,1,0,1,0,0,1,0,0,0,0,0,0,0,0,0,4.727,0.973,-0.21,-0.439,2
"1o","BTMG","PyFluor",0.319,6.271,0.17,0,1,0,1,0,0,1,0,0,0,0,0,0,0,0,0,4.727,0.849,-0.198,-0.401,2
"1o","BTMG","3.CF3",0.319,6.271,0.17,0,1,0,1,0,0,1,0,0,0,0,0,0,0,0,0,4.727,0.978,-0.208,-0.436,5
"1o","BTMG","3.NO2",0.319,6.271,0.17,0,1,0,1,0,0,1,0,0,0,0,0,0,0,0,0,4.727,0.973,-0.204,-0.43,11
"1o","BTMG","PBSF",0.319,6.271,0.17,0,1,0,1,0,0,1,0,0,0,0,0,0,0,0,0,4.727,0.926,-0.162,-0.384,50
"1o","BTPP","3.Cl",0.319,6.271,0.17,0,1,0,1,0,0,1,0,0,0,0,0,0,0,0,0,5.305,0.973,-0.21,-0.439,2
"1o","BTPP","PyFluor",0.319,6.271,0.17,0,1,0,1,0,0,1,0,0,0,0,0,0,0,0,0,5.305,0.849,-0.198,-0.401,2
"1o","BTPP","3.CF3",0.319,6.271,0.17,0,1,0,1,0,0,1,0,0,0,0,0,0,0,0,0,5.305,0.978,-0.208,-0.436,9
"1o","BTPP","3.NO2",0.319,6.271,0.17,0,1,0,1,0,0,1,0,0,0,0,0,0,0,0,0,5.305,0.973,-0.204,-0.43,11
"1o","BTPP","PBSF",0.319,6.271,0.17,0,1,0,1,0,0,1,0,0,0,0,0,0,0,0,0,5.305,0.926,-0.162,-0.384,45
"1p","DBU","3.Cl",0.484,6.725,0.17,0,1,0,1,0,0,1,0,0,0,0,0,0,0,0,0,7.397,0.973,-0.21,-0.439,4
"1p","DBU","PyFluor",0.484,6.725,0.17,0,1,0,1,0,0,1,0,0,0,0,0,0,0,0,0,7.397,0.849,-0.198,-0.401,6
"1p","DBU","3.CF3",0.484,6.725,0.17,0,1,0,1,0,0,1,0,0,0,0,0,0,0,0,0,7.397,0.978,-0.208,-0.436,7
"1p","DBU","3.NO2",0.484,6.725,0.17,0,1,0,1,0,0,1,0,0,0,0,0,0,0,0,0,7.397,0.973,-0.204,-0.43,7
"1p","DBU","PBSF",0.484,6.725,0.17,0,1,0,1,0,0,1,0,0,0,0,0,0,0,0,0,7.397,0.926,-0.162,-0.384,8
"1p","MTBD","3.Cl",0.484,6.725,0.17,0,1,0,1,0,0,1,0,0,0,0,0,0,0,0,0,6.069,0.973,-0.21,-0.439,5
"1p","MTBD","PyFluor",0.484,6.725,0.17,0,1,0,1,0,0,1,0,0,0,0,0,0,0,0,0,6.069,0.849,-0.198,-0.401,7
"1p","MTBD","3.CF3",0.484,6.725,0.17,0,1,0,1,0,0,1,0,0,0,0,0,0,0,0,0,6.069,0.978,-0.208,-0.436,9
"1p","MTBD","3.NO2",0.484,6.725,0.17,0,1,0,1,0,0,1,0,0,0,0,0,0,0,0,0,6.069,0.973,-0.204,-0.43,7
"1p","MTBD","PBSF",0.484,6.725,0.17,0,1,0,1,0,0,1,0,0,0,0,0,0,0,0,0,6.069,0.926,-0.162,-0.384,11
"1p","BTMG","3.Cl",0.484,6.725,0.17,0,1,0,1,0,0,1,0,0,0,0,0,0,0,0,0,4.727,0.973,-0.21,-0.439,1
"1p","BTMG","PyFluor",0.484,6.725,0.17,0,1,0,1,0,0,1,0,0,0,0,0,0,0,0,0,4.727,0.849,-0.198,-0.401,4
"1p","BTMG","3.CF3",0.484,6.725,0.17,0,1,0,1,0,0,1,0,0,0,0,0,0,0,0,0,4.727,0.978,-0.208,-0.436,6
"1p","BTMG","3.NO2",0.484,6.725,0.17,0,1,0,1,0,0,1,0,0,0,0,0,0,0,0,0,4.727,0.973,-0.204,-0.43,6
"1p","BTMG","PBSF",0.484,6.725,0.17,0,1,0,1,0,0,1,0,0,0,0,0,0,0,0,0,4.727,0.926,-0.162,-0.384,12
"1p","BTPP","3.Cl",0.484,6.725,0.17,0,1,0,1,0,0,1,0,0,0,0,0,0,0,0,0,5.305,0.973,-0.21,-0.439,2
"1p","BTPP","PyFluor",0.484,6.725,0.17,0,1,0,1,0,0,1,0,0,0,0,0,0,0,0,0,5.305,0.849,-0.198,-0.401,3
"1p","BTPP","3.CF3",0.484,6.725,0.17,0,1,0,1,0,0,1,0,0,0,0,0,0,0,0,0,5.305,0.978,-0.208,-0.436,6
"1p","BTPP","3.NO2",0.484,6.725,0.17,0,1,0,1,0,0,1,0,0,0,0,0,0,0,0,0,5.305,0.973,-0.204,-0.43,5
"1p","BTPP","PBSF",0.484,6.725,0.17,0,1,0,1,0,0,1,0,0,0,0,0,0,0,0,0,5.305,0.926,-0.162,-0.384,13
"1q","DBU","3.Cl",0.446,6.44,0.09,0,1,0,1,0,0,1,1,0,0,0,0,0,0,0,0,7.397,0.973,-0.21,-0.439,17
"1q","DBU","PyFluor",0.446,6.44,0.09,0,1,0,1,0,0,1,1,0,0,0,0,0,0,0,0,7.397,0.849,-0.198,-0.401,35
"1q","DBU","3.CF3",0.446,6.44,0.09,0,1,0,1,0,0,1,1,0,0,0,0,0,0,0,0,7.397,0.978,-0.208,-0.436,38
"1q","DBU","3.NO2",0.446,6.44,0.09,0,1,0,1,0,0,1,1,0,0,0,0,0,0,0,0,7.397,0.973,-0.204,-0.43,40
"1q","DBU","PBSF",0.446,6.44,0.09,0,1,0,1,0,0,1,1,0,0,0,0,0,0,0,0,7.397,0.926,-0.162,-0.384,23
"1q","MTBD","3.Cl",0.446,6.44,0.09,0,1,0,1,0,0,1,1,0,0,0,0,0,0,0,0,6.069,0.973,-0.21,-0.439,18
"1q","MTBD","PyFluor",0.446,6.44,0.09,0,1,0,1,0,0,1,1,0,0,0,0,0,0,0,0,6.069,0.849,-0.198,-0.401,26
"1q","MTBD","3.CF3",0.446,6.44,0.09,0,1,0,1,0,0,1,1,0,0,0,0,0,0,0,0,6.069,0.978,-0.208,-0.436,39
"1q","MTBD","3.NO2",0.446,6.44,0.09,0,1,0,1,0,0,1,1,0,0,0,0,0,0,0,0,6.069,0.973,-0.204,-0.43,41
"1q","MTBD","PBSF",0.446,6.44,0.09,0,1,0,1,0,0,1,1,0,0,0,0,0,0,0,0,6.069,0.926,-0.162,-0.384,44
"1q","BTMG","3.Cl",0.446,6.44,0.09,0,1,0,1,0,0,1,1,0,0,0,0,0,0,0,0,4.727,0.973,-0.21,-0.439,1
"1q","BTMG","PyFluor",0.446,6.44,0.09,0,1,0,1,0,0,1,1,0,0,0,0,0,0,0,0,4.727,0.849,-0.198,-0.401,20
"1q","BTMG","3.CF3",0.446,6.44,0.09,0,1,0,1,0,0,1,1,0,0,0,0,0,0,0,0,4.727,0.978,-0.208,-0.436,26
"1q","BTMG","3.NO2",0.446,6.44,0.09,0,1,0,1,0,0,1,1,0,0,0,0,0,0,0,0,4.727,0.973,-0.204,-0.43,38
"1q","BTMG","PBSF",0.446,6.44,0.09,0,1,0,1,0,0,1,1,0,0,0,0,0,0,0,0,4.727,0.926,-0.162,-0.384,52
"1q","BTPP","3.Cl",0.446,6.44,0.09,0,1,0,1,0,0,1,1,0,0,0,0,0,0,0,0,5.305,0.973,-0.21,-0.439,11
"1q","BTPP","PyFluor",0.446,6.44,0.09,0,1,0,1,0,0,1,1,0,0,0,0,0,0,0,0,5.305,0.849,-0.198,-0.401,24
"1q","BTPP","3.CF3",0.446,6.44,0.09,0,1,0,1,0,0,1,1,0,0,0,0,0,0,0,0,5.305,0.978,-0.208,-0.436,32
"1q","BTPP","3.NO2",0.446,6.44,0.09,0,1,0,1,0,0,1,1,0,0,0,0,0,0,0,0,5.305,0.973,-0.204,-0.43,28
"1q","BTPP","PBSF",0.446,6.44,0.09,0,1,0,1,0,0,1,1,0,0,0,0,0,0,0,0,5.305,0.926,-0.162,-0.384,50
"1b","DBU","3.Cl",-0.061,13.702,0.13,1,0,0,0,0,0,0,0,1,0,0,0,0,0,0,0,7.397,0.973,-0.21,-0.439,11
"1b","DBU","PyFluor",-0.061,13.702,0.13,1,0,0,0,0,0,0,0,1,0,0,0,0,0,0,0,7.397,0.849,-0.198,-0.401,12
"1b","DBU","3.CF3",-0.061,13.702,0.13,1,0,0,0,0,0,0,0,1,0,0,0,0,0,0,0,7.397,0.978,-0.208,-0.436,17
"1b","DBU","3.NO2",-0.061,13.702,0.13,1,0,0,0,0,0,0,0,1,0,0,0,0,0,0,0,7.397,0.973,-0.204,-0.43,21
"1b","DBU","PBSF",-0.061,13.702,0.13,1,0,0,0,0,0,0,0,1,0,0,0,0,0,0,0,7.397,0.926,-0.162,-0.384,23
"1b","MTBD","3.Cl",-0.061,13.702,0.13,1,0,0,0,0,0,0,0,1,0,0,0,0,0,0,0,6.069,0.973,-0.21,-0.439,36
"1b","MTBD","PyFluor",-0.061,13.702,0.13,1,0,0,0,0,0,0,0,1,0,0,0,0,0,0,0,6.069,0.849,-0.198,-0.401,26
"1b","MTBD","3.CF3",-0.061,13.702,0.13,1,0,0,0,0,0,0,0,1,0,0,0,0,0,0,0,6.069,0.978,-0.208,-0.436,36
"1b","MTBD","3.NO2",-0.061,13.702,0.13,1,0,0,0,0,0,0,0,1,0,0,0,0,0,0,0,6.069,0.973,-0.204,-0.43,41
"1b","MTBD","PBSF",-0.061,13.702,0.13,1,0,0,0,0,0,0,0,1,0,0,0,0,0,0,0,6.069,0.926,-0.162,-0.384,37
"1b","BTMG","3.Cl",-0.061,13.702,0.13,1,0,0,0,0,0,0,0,1,0,0,0,0,0,0,0,4.727,0.973,-0.21,-0.439,83
"1b","BTMG","PyFluor",-0.061,13.702,0.13,1,0,0,0,0,0,0,0,1,0,0,0,0,0,0,0,4.727,0.849,-0.198,-0.401,57
"1b","BTMG","3.CF3",-0.061,13.702,0.13,1,0,0,0,0,0,0,0,1,0,0,0,0,0,0,0,4.727,0.978,-0.208,-0.436,83
"1b","BTMG","3.NO2",-0.061,13.702,0.13,1,0,0,0,0,0,0,0,1,0,0,0,0,0,0,0,4.727,0.973,-0.204,-0.43,83
"1b","BTMG","PBSF",-0.061,13.702,0.13,1,0,0,0,0,0,0,0,1,0,0,0,0,0,0,0,4.727,0.926,-0.162,-0.384,48
"1b","BTPP","3.Cl",-0.061,13.702,0.13,1,0,0,0,0,0,0,0,1,0,0,0,0,0,0,0,5.305,0.973,-0.21,-0.439,92
"1b","BTPP","PyFluor",-0.061,13.702,0.13,1,0,0,0,0,0,0,0,1,0,0,0,0,0,0,0,5.305,0.849,-0.198,-0.401,77
"1b","BTPP","3.CF3",-0.061,13.702,0.13,1,0,0,0,0,0,0,0,1,0,0,0,0,0,0,0,5.305,0.978,-0.208,-0.436,99
"1b","BTPP","3.NO2",-0.061,13.702,0.13,1,0,0,0,0,0,0,0,1,0,0,0,0,0,0,0,5.305,0.973,-0.204,-0.43,91
"1b","BTPP","PBSF",-0.061,13.702,0.13,1,0,0,0,0,0,0,0,1,0,0,0,0,0,0,0,5.305,0.926,-0.162,-0.384,68
"1r","DBU","3.Cl",-0.112,13.83,0.14,1,0,0,0,0,0,0,0,1,0,0,0,0,0,0,0,7.397,0.973,-0.21,-0.439,18
"1r","DBU","PyFluor",-0.112,13.83,0.14,1,0,0,0,0,0,0,0,1,0,0,0,0,0,0,0,7.397,0.849,-0.198,-0.401,17
"1r","DBU","3.CF3",-0.112,13.83,0.14,1,0,0,0,0,0,0,0,1,0,0,0,0,0,0,0,7.397,0.978,-0.208,-0.436,9
"1r","DBU","3.NO2",-0.112,13.83,0.14,1,0,0,0,0,0,0,0,1,0,0,0,0,0,0,0,7.397,0.973,-0.204,-0.43,28
"1r","DBU","PBSF",-0.112,13.83,0.14,1,0,0,0,0,0,0,0,1,0,0,0,0,0,0,0,7.397,0.926,-0.162,-0.384,29
"1r","MTBD","3.Cl",-0.112,13.83,0.14,1,0,0,0,0,0,0,0,1,0,0,0,0,0,0,0,6.069,0.973,-0.21,-0.439,36
"1r","MTBD","PyFluor",-0.112,13.83,0.14,1,0,0,0,0,0,0,0,1,0,0,0,0,0,0,0,6.069,0.849,-0.198,-0.401,41
"1r","MTBD","3.CF3",-0.112,13.83,0.14,1,0,0,0,0,0,0,0,1,0,0,0,0,0,0,0,6.069,0.978,-0.208,-0.436,38
"1r","MTBD","3.NO2",-0.112,13.83,0.14,1,0,0,0,0,0,0,0,1,0,0,0,0,0,0,0,6.069,0.973,-0.204,-0.43,42
"1r","MTBD","PBSF",-0.112,13.83,0.14,1,0,0,0,0,0,0,0,1,0,0,0,0,0,0,0,6.069,0.926,-0.162,-0.384,44
"1r","BTMG","3.Cl",-0.112,13.83,0.14,1,0,0,0,0,0,0,0,1,0,0,0,0,0,0,0,4.727,0.973,-0.21,-0.439,79
"1r","BTMG","PyFluor",-0.112,13.83,0.14,1,0,0,0,0,0,0,0,1,0,0,0,0,0,0,0,4.727,0.849,-0.198,-0.401,74
"1r","BTMG","3.CF3",-0.112,13.83,0.14,1,0,0,0,0,0,0,0,1,0,0,0,0,0,0,0,4.727,0.978,-0.208,-0.436,85
"1r","BTMG","3.NO2",-0.112,13.83,0.14,1,0,0,0,0,0,0,0,1,0,0,0,0,0,0,0,4.727,0.973,-0.204,-0.43,84
"1r","BTMG","PBSF",-0.112,13.83,0.14,1,0,0,0,0,0,0,0,1,0,0,0,0,0,0,0,4.727,0.926,-0.162,-0.384,66
"1r","BTPP","3.Cl",-0.112,13.83,0.14,1,0,0,0,0,0,0,0,1,0,0,0,0,0,0,0,5.305,0.973,-0.21,-0.439,90
"1r","BTPP","PyFluor",-0.112,13.83,0.14,1,0,0,0,0,0,0,0,1,0,0,0,0,0,0,0,5.305,0.849,-0.198,-0.401,85
"1r","BTPP","3.CF3",-0.112,13.83,0.14,1,0,0,0,0,0,0,0,1,0,0,0,0,0,0,0,5.305,0.978,-0.208,-0.436,97
"1r","BTPP","3.NO2",-0.112,13.83,0.14,1,0,0,0,0,0,0,0,1,0,0,0,0,0,0,0,5.305,0.973,-0.204,-0.43,89
"1r","BTPP","PBSF",-0.112,13.83,0.14,1,0,0,0,0,0,0,0,1,0,0,0,0,0,0,0,5.305,0.926,-0.162,-0.384,68
"1s","DBU","3.Cl",0.104,12.866,0.13,1,0,0,0,0,0,0,0,1,0,0,0,0,0,0,0,7.397,0.973,-0.21,-0.439,33
"1s","DBU","PyFluor",0.104,12.866,0.13,1,0,0,0,0,0,0,0,1,0,0,0,0,0,0,0,7.397,0.849,-0.198,-0.401,8
"1s","DBU","3.CF3",0.104,12.866,0.13,1,0,0,0,0,0,0,0,1,0,0,0,0,0,0,0,7.397,0.978,-0.208,-0.436,36
"1s","DBU","3.NO2",0.104,12.866,0.13,1,0,0,0,0,0,0,0,1,0,0,0,0,0,0,0,7.397,0.973,-0.204,-0.43,37
"1s","DBU","PBSF",0.104,12.866,0.13,1,0,0,0,0,0,0,0,1,0,0,0,0,0,0,0,7.397,0.926,-0.162,-0.384,33
"1s","MTBD","3.Cl",0.104,12.866,0.13,1,0,0,0,0,0,0,0,1,0,0,0,0,0,0,0,6.069,0.973,-0.21,-0.439,38
"1s","MTBD","PyFluor",0.104,12.866,0.13,1,0,0,0,0,0,0,0,1,0,0,0,0,0,0,0,6.069,0.849,-0.198,-0.401,9
"1s","MTBD","3.CF3",0.104,12.866,0.13,1,0,0,0,0,0,0,0,1,0,0,0,0,0,0,0,6.069,0.978,-0.208,-0.436,38
"1s","MTBD","3.NO2",0.104,12.866,0.13,1,0,0,0,0,0,0,0,1,0,0,0,0,0,0,0,6.069,0.973,-0.204,-0.43,40
"1s","MTBD","PBSF",0.104,12.866,0.13,1,0,0,0,0,0,0,0,1,0,0,0,0,0,0,0,6.069,0.926,-0.162,-0.384,39
"1s","BTMG","3.Cl",0.104,12.866,0.13,1,0,0,0,0,0,0,0,1,0,0,0,0,0,0,0,4.727,0.973,-0.21,-0.439,45
"1s","BTMG","PyFluor",0.104,12.866,0.13,1,0,0,0,0,0,0,0,1,0,0,0,0,0,0,0,4.727,0.849,-0.198,-0.401,7
"1s","BTMG","3.CF3",0.104,12.866,0.13,1,0,0,0,0,0,0,0,1,0,0,0,0,0,0,0,4.727,0.978,-0.208,-0.436,44
"1s","BTMG","3.NO2",0.104,12.866,0.13,1,0,0,0,0,0,0,0,1,0,0,0,0,0,0,0,4.727,0.973,-0.204,-0.43,49
"1s","BTMG","PBSF",0.104,12.866,0.13,1,0,0,0,0,0,0,0,1,0,0,0,0,0,0,0,4.727,0.926,-0.162,-0.384,39
"1s","BTPP","3.Cl",0.104,12.866,0.13,1,0,0,0,0,0,0,0,1,0,0,0,0,0,0,0,5.305,0.973,-0.21,-0.439,47
"1s","BTPP","PyFluor",0.104,12.866,0.13,1,0,0,0,0,0,0,0,1,0,0,0,0,0,0,0,5.305,0.849,-0.198,-0.401,5
"1s","BTPP","3.CF3",0.104,12.866,0.13,1,0,0,0,0,0,0,0,1,0,0,0,0,0,0,0,5.305,0.978,-0.208,-0.436,44
"1s","BTPP","3.NO2",0.104,12.866,0.13,1,0,0,0,0,0,0,0,1,0,0,0,0,0,0,0,5.305,0.973,-0.204,-0.43,48
"1s","BTPP","PBSF",0.104,12.866,0.13,1,0,0,0,0,0,0,0,1,0,0,0,0,0,0,0,5.305,0.926,-0.162,-0.384,47
"1t","DBU","3.Cl",0.156,16.405,0.11,1,0,0,0,0,0,0,0,1,0,0,0,0,0,0,0,7.397,0.973,-0.21,-0.439,38
"1t","DBU","PyFluor",0.156,16.405,0.11,1,0,0,0,0,0,0,0,1,0,0,0,0,0,0,0,7.397,0.849,-0.198,-0.401,30
"1t","DBU","3.CF3",0.156,16.405,0.11,1,0,0,0,0,0,0,0,1,0,0,0,0,0,0,0,7.397,0.978,-0.208,-0.436,43
"1t","DBU","3.NO2",0.156,16.405,0.11,1,0,0,0,0,0,0,0,1,0,0,0,0,0,0,0,7.397,0.973,-0.204,-0.43,46
"1t","DBU","PBSF",0.156,16.405,0.11,1,0,0,0,0,0,0,0,1,0,0,0,0,0,0,0,7.397,0.926,-0.162,-0.384,47
"1t","MTBD","3.Cl",0.156,16.405,0.11,1,0,0,0,0,0,0,0,1,0,0,0,0,0,0,0,6.069,0.973,-0.21,-0.439,59
"1t","MTBD","PyFluor",0.156,16.405,0.11,1,0,0,0,0,0,0,0,1,0,0,0,0,0,0,0,6.069,0.849,-0.198,-0.401,41
"1t","MTBD","3.CF3",0.156,16.405,0.11,1,0,0,0,0,0,0,0,1,0,0,0,0,0,0,0,6.069,0.978,-0.208,-0.436,58
"1t","MTBD","3.NO2",0.156,16.405,0.11,1,0,0,0,0,0,0,0,1,0,0,0,0,0,0,0,6.069,0.973,-0.204,-0.43,55
"1t","MTBD","PBSF",0.156,16.405,0.11,1,0,0,0,0,0,0,0,1,0,0,0,0,0,0,0,6.069,0.926,-0.162,-0.384,55
"1t","BTMG","3.Cl",0.156,16.405,0.11,1,0,0,0,0,0,0,0,1,0,0,0,0,0,0,0,4.727,0.973,-0.21,-0.439,62
"1t","BTMG","PyFluor",0.156,16.405,0.11,1,0,0,0,0,0,0,0,1,0,0,0,0,0,0,0,4.727,0.849,-0.198,-0.401,37
"1t","BTMG","3.CF3",0.156,16.405,0.11,1,0,0,0,0,0,0,0,1,0,0,0,0,0,0,0,4.727,0.978,-0.208,-0.436,59
"1t","BTMG","3.NO2",0.156,16.405,0.11,1,0,0,0,0,0,0,0,1,0,0,0,0,0,0,0,4.727,0.973,-0.204,-0.43,59
"1t","BTMG","PBSF",0.156,16.405,0.11,1,0,0,0,0,0,0,0,1,0,0,0,0,0,0,0,4.727,0.926,-0.162,-0.384,52
"1t","BTPP","3.Cl",0.156,16.405,0.11,1,0,0,0,0,0,0,0,1,0,0,0,0,0,0,0,5.305,0.973,-0.21,-0.439,66
"1t","BTPP","PyFluor",0.156,16.405,0.11,1,0,0,0,0,0,0,0,1,0,0,0,0,0,0,0,5.305,0.849,-0.198,-0.401,34
"1t","BTPP","3.CF3",0.156,16.405,0.11,1,0,0,0,0,0,0,0,1,0,0,0,0,0,0,0,5.305,0.978,-0.208,-0.436,65
"1t","BTPP","3.NO2",0.156,16.405,0.11,1,0,0,0,0,0,0,0,1,0,0,0,0,0,0,0,5.305,0.973,-0.204,-0.43,60
"1t","BTPP","PBSF",0.156,16.405,0.11,1,0,0,0,0,0,0,0,1,0,0,0,0,0,0,0,5.305,0.926,-0.162,-0.384,57
"1u","DBU","3.Cl",0.535,5.04,0.16,0,1,0,0,0,0,0,0,1,0,0,0,0,0,0,0,7.397,0.973,-0.21,-0.439,28
"1u","DBU","PyFluor",0.535,5.04,0.16,0,1,0,0,0,0,0,0,1,0,0,0,0,0,0,0,7.397,0.849,-0.198,-0.401,29
"1u","DBU","3.CF3",0.535,5.04,0.16,0,1,0,0,0,0,0,0,1,0,0,0,0,0,0,0,7.397,0.978,-0.208,-0.436,40
"1u","DBU","3.NO2",0.535,5.04,0.16,0,1,0,0,0,0,0,0,1,0,0,0,0,0,0,0,7.397,0.973,-0.204,-0.43,38
"1u","DBU","PBSF",0.535,5.04,0.16,0,1,0,0,0,0,0,0,1,0,0,0,0,0,0,0,7.397,0.926,-0.162,-0.384,25
"1u","MTBD","3.Cl",0.535,5.04,0.16,0,1,0,0,0,0,0,0,1,0,0,0,0,0,0,0,6.069,0.973,-0.21,-0.439,38
"1u","MTBD","PyFluor",0.535,5.04,0.16,0,1,0,0,0,0,0,0,1,0,0,0,0,0,0,0,6.069,0.849,-0.198,-0.401,34
"1u","MTBD","3.CF3",0.535,5.04,0.16,0,1,0,0,0,0,0,0,1,0,0,0,0,0,0,0,6.069,0.978,-0.208,-0.436,47
"1u","MTBD","3.NO2",0.535,5.04,0.16,0,1,0,0,0,0,0,0,1,0,0,0,0,0,0,0,6.069,0.973,-0.204,-0.43,46
"1u","MTBD","PBSF",0.535,5.04,0.16,0,1,0,0,0,0,0,0,1,0,0,0,0,0,0,0,6.069,0.926,-0.162,-0.384,18
"1u","BTMG","3.Cl",0.535,5.04,0.16,0,1,0,0,0,0,0,0,1,0,0,0,0,0,0,0,4.727,0.973,-0.21,-0.439,49
"1u","BTMG","PyFluor",0.535,5.04,0.16,0,1,0,0,0,0,0,0,1,0,0,0,0,0,0,0,4.727,0.849,-0.198,-0.401,31
"1u","BTMG","3.CF3",0.535,5.04,0.16,0,1,0,0,0,0,0,0,1,0,0,0,0,0,0,0,4.727,0.978,-0.208,-0.436,57
"1u","BTMG","3.NO2",0.535,5.04,0.16,0,1,0,0,0,0,0,0,1,0,0,0,0,0,0,0,4.727,0.973,-0.204,-0.43,52
"1u","BTMG","PBSF",0.535,5.04,0.16,0,1,0,0,0,0,0,0,1,0,0,0,0,0,0,0,4.727,0.926,-0.162,-0.384,18
"1u","BTPP","3.Cl",0.535,5.04,0.16,0,1,0,0,0,0,0,0,1,0,0,0,0,0,0,0,5.305,0.973,-0.21,-0.439,41
"1u","BTPP","PyFluor",0.535,5.04,0.16,0,1,0,0,0,0,0,0,1,0,0,0,0,0,0,0,5.305,0.849,-0.198,-0.401,24
"1u","BTPP","3.CF3",0.535,5.04,0.16,0,1,0,0,0,0,0,0,1,0,0,0,0,0,0,0,5.305,0.978,-0.208,-0.436,52
"1u","BTPP","3.NO2",0.535,5.04,0.16,0,1,0,0,0,0,0,0,1,0,0,0,0,0,0,0,5.305,0.973,-0.204,-0.43,42
"1u","BTPP","PBSF",0.535,5.04,0.16,0,1,0,0,0,0,0,0,1,0,0,0,0,0,0,0,5.305,0.926,-0.162,-0.384,9
"1v","DBU","3.Cl",0.019,4.72,0.1,0,1,0,0,0,0,0,0,1,0,0,0,0,0,0,1,7.397,0.973,-0.21,-0.439,23
"1v","DBU","PyFluor",0.019,4.72,0.1,0,1,0,0,0,0,0,0,1,0,0,0,0,0,0,1,7.397,0.849,-0.198,-0.401,42
"1v","DBU","3.CF3",0.019,4.72,0.1,0,1,0,0,0,0,0,0,1,0,0,0,0,0,0,1,7.397,0.978,-0.208,-0.436,19
"1v","DBU","3.NO2",0.019,4.72,0.1,0,1,0,0,0,0,0,0,1,0,0,0,0,0,0,1,7.397,0.973,-0.204,-0.43,34
"1v","DBU","PBSF",0.019,4.72,0.1,0,1,0,0,0,0,0,0,1,0,0,0,0,0,0,1,7.397,0.926,-0.162,-0.384,35
"1v","MTBD","3.Cl",0.019,4.72,0.1,0,1,0,0,0,0,0,0,1,0,0,0,0,0,0,1,6.069,0.973,-0.21,-0.439,48
"1v","MTBD","PyFluor",0.019,4.72,0.1,0,1,0,0,0,0,0,0,1,0,0,0,0,0,0,1,6.069,0.849,-0.198,-0.401,59
"1v","MTBD","3.CF3",0.019,4.72,0.1,0,1,0,0,0,0,0,0,1,0,0,0,0,0,0,1,6.069,0.978,-0.208,-0.436,60
"1v","MTBD","3.NO2",0.019,4.72,0.1,0,1,0,0,0,0,0,0,1,0,0,0,0,0,0,1,6.069,0.973,-0.204,-0.43,63
"1v","MTBD","PBSF",0.019,4.72,0.1,0,1,0,0,0,0,0,0,1,0,0,0,0,0,0,1,6.069,0.926,-0.162,-0.384,63
"1v","BTMG","3.Cl",0.019,4.72,0.1,0,1,0,0,0,0,0,0,1,0,0,0,0,0,0,1,4.727,0.973,-0.21,-0.439,10
"1v","BTMG","PyFluor",0.019,4.72,0.1,0,1,0,0,0,0,0,0,1,0,0,0,0,0,0,1,4.727,0.849,-0.198,-0.401,36
"1v","BTMG","3.CF3",0.019,4.72,0.1,0,1,0,0,0,0,0,0,1,0,0,0,0,0,0,1,4.727,0.978,-0.208,-0.436,41
"1v","BTMG","3.NO2",0.019,4.72,0.1,0,1,0,0,0,0,0,0,1,0,0,0,0,0,0,1,4.727,0.973,-0.204,-0.43,58
"1v","BTMG","PBSF",0.019,4.72,0.1,0,1,0,0,0,0,0,0,1,0,0,0,0,0,0,1,4.727,0.926,-0.162,-0.384,65
"1v","BTPP","3.Cl",0.019,4.72,0.1,0,1,0,0,0,0,0,0,1,0,0,0,0,0,0,1,5.305,0.973,-0.21,-0.439,18
"1v","BTPP","PyFluor",0.019,4.72,0.1,0,1,0,0,0,0,0,0,1,0,0,0,0,0,0,1,5.305,0.849,-0.198,-0.401,43
"1v","BTPP","3.CF3",0.019,4.72,0.1,0,1,0,0,0,0,0,0,1,0,0,0,0,0,0,1,5.305,0.978,-0.208,-0.436,55
"1v","BTPP","3.NO2",0.019,4.72,0.1,0,1,0,0,0,0,0,0,1,0,0,0,0,0,0,1,5.305,0.973,-0.204,-0.43,35
"1v","BTPP","PBSF",0.019,4.72,0.1,0,1,0,0,0,0,0,0,1,0,0,0,0,0,0,1,5.305,0.926,-0.162,-0.384,82
"1w","DBU","3.Cl",0.253,13.932,0.1,1,0,0,0,0,0,0,0,0,1,0,0,0,0,0,0,7.397,0.973,-0.21,-0.439,6
"1w","DBU","PyFluor",0.253,13.932,0.1,1,0,0,0,0,0,0,0,0,1,0,0,0,0,0,0,7.397,0.849,-0.198,-0.401,6
"1w","DBU","3.CF3",0.253,13.932,0.1,1,0,0,0,0,0,0,0,0,1,0,0,0,0,0,0,7.397,0.978,-0.208,-0.436,8
"1w","DBU","3.NO2",0.253,13.932,0.1,1,0,0,0,0,0,0,0,0,1,0,0,0,0,0,0,7.397,0.973,-0.204,-0.43,11
"1w","DBU","PBSF",0.253,13.932,0.1,1,0,0,0,0,0,0,0,0,1,0,0,0,0,0,0,7.397,0.926,-0.162,-0.384,15
"1w","MTBD","3.Cl",0.253,13.932,0.1,1,0,0,0,0,0,0,0,0,1,0,0,0,0,0,0,6.069,0.973,-0.21,-0.439,21
"1w","MTBD","PyFluor",0.253,13.932,0.1,1,0,0,0,0,0,0,0,0,1,0,0,0,0,0,0,6.069,0.849,-0.198,-0.401,16
"1w","MTBD","3.CF3",0.253,13.932,0.1,1,0,0,0,0,0,0,0,0,1,0,0,0,0,0,0,6.069,0.978,-0.208,-0.436,23
"1w","MTBD","3.NO2",0.253,13.932,0.1,1,0,0,0,0,0,0,0,0,1,0,0,0,0,0,0,6.069,0.973,-0.204,-0.43,22
"1w","MTBD","PBSF",0.253,13.932,0.1,1,0,0,0,0,0,0,0,0,1,0,0,0,0,0,0,6.069,0.926,-0.162,-0.384,25
"1w","BTMG","3.Cl",0.253,13.932,0.1,1,0,0,0,0,0,0,0,0,1,0,0,0,0,0,0,4.727,0.973,-0.21,-0.439,33
"1w","BTMG","PyFluor",0.253,13.932,0.1,1,0,0,0,0,0,0,0,0,1,0,0,0,0,0,0,4.727,0.849,-0.198,-0.401,24
"1w","BTMG","3.CF3",0.253,13.932,0.1,1,0,0,0,0,0,0,0,0,1,0,0,0,0,0,0,4.727,0.978,-0.208,-0.436,34
"1w","BTMG","3.NO2",0.253,13.932,0.1,1,0,0,0,0,0,0,0,0,1,0,0,0,0,0,0,4.727,0.973,-0.204,-0.43,28
"1w","BTMG","PBSF",0.253,13.932,0.1,1,0,0,0,0,0,0,0,0,1,0,0,0,0,0,0,4.727,0.926,-0.162,-0.384,25
"1w","BTPP","3.Cl",0.253,13.932,0.1,1,0,0,0,0,0,0,0,0,1,0,0,0,0,0,0,5.305,0.973,-0.21,-0.439,52
"1w","BTPP","PyFluor",0.253,13.932,0.1,1,0,0,0,0,0,0,0,0,1,0,0,0,0,0,0,5.305,0.849,-0.198,-0.401,36
"1w","BTPP","3.CF3",0.253,13.932,0.1,1,0,0,0,0,0,0,0,0,1,0,0,0,0,0,0,5.305,0.978,-0.208,-0.436,52
"1w","BTPP","3.NO2",0.253,13.932,0.1,1,0,0,0,0,0,0,0,0,1,0,0,0,0,0,0,5.305,0.973,-0.204,-0.43,39
"1w","BTPP","PBSF",0.253,13.932,0.1,1,0,0,0,0,0,0,0,0,1,0,0,0,0,0,0,5.305,0.926,-0.162,-0.384,32
"1x","DBU","3.Cl",0.515,5.614,0.12,0,1,0,0,0,0,0,0,0,1,0,0,0,0,0,0,7.397,0.973,-0.21,-0.439,22
"1x","DBU","PyFluor",0.515,5.614,0.12,0,1,0,0,0,0,0,0,0,1,0,0,0,0,0,0,7.397,0.849,-0.198,-0.401,12
"1x","DBU","3.CF3",0.515,5.614,0.12,0,1,0,0,0,0,0,0,0,1,0,0,0,0,0,0,7.397,0.978,-0.208,-0.436,23
"1x","DBU","3.NO2",0.515,5.614,0.12,0,1,0,0,0,0,0,0,0,1,0,0,0,0,0,0,7.397,0.973,-0.204,-0.43,22
"1x","DBU","PBSF",0.515,5.614,0.12,0,1,0,0,0,0,0,0,0,1,0,0,0,0,0,0,7.397,0.926,-0.162,-0.384,13
"1x","MTBD","3.Cl",0.515,5.614,0.12,0,1,0,0,0,0,0,0,0,1,0,0,0,0,0,0,6.069,0.973,-0.21,-0.439,30
"1x","MTBD","PyFluor",0.515,5.614,0.12,0,1,0,0,0,0,0,0,0,1,0,0,0,0,0,0,6.069,0.849,-0.198,-0.401,13
"1x","MTBD","3.CF3",0.515,5.614,0.12,0,1,0,0,0,0,0,0,0,1,0,0,0,0,0,0,6.069,0.978,-0.208,-0.436,32
"1x","MTBD","3.NO2",0.515,5.614,0.12,0,1,0,0,0,0,0,0,0,1,0,0,0,0,0,0,6.069,0.973,-0.204,-0.43,27
"1x","MTBD","PBSF",0.515,5.614,0.12,0,1,0,0,0,0,0,0,0,1,0,0,0,0,0,0,6.069,0.926,-0.162,-0.384,15
"1x","BTMG","3.Cl",0.515,5.614,0.12,0,1,0,0,0,0,0,0,0,1,0,0,0,0,0,0,4.727,0.973,-0.21,-0.439,30
"1x","BTMG","PyFluor",0.515,5.614,0.12,0,1,0,0,0,0,0,0,0,1,0,0,0,0,0,0,4.727,0.849,-0.198,-0.401,9
"1x","BTMG","3.CF3",0.515,5.614,0.12,0,1,0,0,0,0,0,0,0,1,0,0,0,0,0,0,4.727,0.978,-0.208,-0.436,32
"1x","BTMG","3.NO2",0.515,5.614,0.12,0,1,0,0,0,0,0,0,0,1,0,0,0,0,0,0,4.727,0.973,-0.204,-0.43,28
"1x","BTMG","PBSF",0.515,5.614,0.12,0,1,0,0,0,0,0,0,0,1,0,0,0,0,0,0,4.727,0.926,-0.162,-0.384,13
"1x","BTPP","3.Cl",0.515,5.614,0.12,0,1,0,0,0,0,0,0,0,1,0,0,0,0,0,0,5.305,0.973,-0.21,-0.439,28
"1x","BTPP","PyFluor",0.515,5.614,0.12,0,1,0,0,0,0,0,0,0,1,0,0,0,0,0,0,5.305,0.849,-0.198,-0.401,9
"1x","BTPP","3.CF3",0.515,5.614,0.12,0,1,0,0,0,0,0,0,0,1,0,0,0,0,0,0,5.305,0.978,-0.208,-0.436,36
"1x","BTPP","3.NO2",0.515,5.614,0.12,0,1,0,0,0,0,0,0,0,1,0,0,0,0,0,0,5.305,0.973,-0.204,-0.43,30
"1x","BTPP","PBSF",0.515,5.614,0.12,0,1,0,0,0,0,0,0,0,1,0,0,0,0,0,0,5.305,0.926,-0.162,-0.384,16
"1y","DBU","3.Cl",0.612,0.841,0.1,0,0,1,0,0,0,0,0,0,1,0,0,0,0,0,0,7.397,0.973,-0.21,-0.439,0
"1y","DBU","PyFluor",0.612,0.841,0.1,0,0,1,0,0,0,0,0,0,1,0,0,0,0,0,0,7.397,0.849,-0.198,-0.401,1
"1y","DBU","3.CF3",0.612,0.841,0.1,0,0,1,0,0,0,0,0,0,1,0,0,0,0,0,0,7.397,0.978,-0.208,-0.436,1
"1y","DBU","3.NO2",0.612,0.841,0.1,0,0,1,0,0,0,0,0,0,1,0,0,0,0,0,0,7.397,0.973,-0.204,-0.43,2
"1y","DBU","PBSF",0.612,0.841,0.1,0,0,1,0,0,0,0,0,0,1,0,0,0,0,0,0,7.397,0.926,-0.162,-0.384,6
"1y","MTBD","3.Cl",0.612,0.841,0.1,0,0,1,0,0,0,0,0,0,1,0,0,0,0,0,0,6.069,0.973,-0.21,-0.439,0
"1y","MTBD","PyFluor",0.612,0.841,0.1,0,0,1,0,0,0,0,0,0,1,0,0,0,0,0,0,6.069,0.849,-0.198,-0.401,1
"1y","MTBD","3.CF3",0.612,0.841,0.1,0,0,1,0,0,0,0,0,0,1,0,0,0,0,0,0,6.069,0.978,-0.208,-0.436,1
"1y","MTBD","3.NO2",0.612,0.841,0.1,0,0,1,0,0,0,0,0,0,1,0,0,0,0,0,0,6.069,0.973,-0.204,-0.43,2
"1y","MTBD","PBSF",0.612,0.841,0.1,0,0,1,0,0,0,0,0,0,1,0,0,0,0,0,0,6.069,0.926,-0.162,-0.384,9
"1y","BTMG","3.Cl",0.612,0.841,0.1,0,0,1,0,0,0,0,0,0,1,0,0,0,0,0,0,4.727,0.973,-0.21,-0.439,0
"1y","BTMG","PyFluor",0.612,0.841,0.1,0,0,1,0,0,0,0,0,0,1,0,0,0,0,0,0,4.727,0.849,-0.198,-0.401,0
"1y","BTMG","3.CF3",0.612,0.841,0.1,0,0,1,0,0,0,0,0,0,1,0,0,0,0,0,0,4.727,0.978,-0.208,-0.436,0
"1y","BTMG","3.NO2",0.612,0.841,0.1,0,0,1,0,0,0,0,0,0,1,0,0,0,0,0,0,4.727,0.973,-0.204,-0.43,0
"1y","BTMG","PBSF",0.612,0.841,0.1,0,0,1,0,0,0,0,0,0,1,0,0,0,0,0,0,4.727,0.926,-0.162,-0.384,7
"1y","BTPP","3.Cl",0.612,0.841,0.1,0,0,1,0,0,0,0,0,0,1,0,0,0,0,0,0,5.305,0.973,-0.21,-0.439,0
"1y","BTPP","PyFluor",0.612,0.841,0.1,0,0,1,0,0,0,0,0,0,1,0,0,0,0,0,0,5.305,0.849,-0.198,-0.401,0
"1y","BTPP","3.CF3",0.612,0.841,0.1,0,0,1,0,0,0,0,0,0,1,0,0,0,0,0,0,5.305,0.978,-0.208,-0.436,0
"1y","BTPP","3.NO2",0.612,0.841,0.1,0,0,1,0,0,0,0,0,0,1,0,0,0,0,0,0,5.305,0.973,-0.204,-0.43,0
"1y","BTPP","PBSF",0.612,0.841,0.1,0,0,1,0,0,0,0,0,0,1,0,0,0,0,0,0,5.305,0.926,-0.162,-0.384,10
"1z","DBU","3.Cl",-0.02,13.838,0.13,1,0,0,0,0,0,0,0,0,0,1,0,0,0,0,0,7.397,0.973,-0.21,-0.439,46
"1z","DBU","PyFluor",-0.02,13.838,0.13,1,0,0,0,0,0,0,0,0,0,1,0,0,0,0,0,7.397,0.849,-0.198,-0.401,55
"1z","DBU","3.CF3",-0.02,13.838,0.13,1,0,0,0,0,0,0,0,0,0,1,0,0,0,0,0,7.397,0.978,-0.208,-0.436,62
"1z","DBU","3.NO2",-0.02,13.838,0.13,1,0,0,0,0,0,0,0,0,0,1,0,0,0,0,0,7.397,0.973,-0.204,-0.43,60
"1z","DBU","PBSF",-0.02,13.838,0.13,1,0,0,0,0,0,0,0,0,0,1,0,0,0,0,0,7.397,0.926,-0.162,-0.384,52
"1z","MTBD","3.Cl",-0.02,13.838,0.13,1,0,0,0,0,0,0,0,0,0,1,0,0,0,0,0,6.069,0.973,-0.21,-0.439,75
"1z","MTBD","PyFluor",-0.02,13.838,0.13,1,0,0,0,0,0,0,0,0,0,1,0,0,0,0,0,6.069,0.849,-0.198,-0.401,79
"1z","MTBD","3.CF3",-0.02,13.838,0.13,1,0,0,0,0,0,0,0,0,0,1,0,0,0,0,0,6.069,0.978,-0.208,-0.436,86
"1z","MTBD","3.NO2",-0.02,13.838,0.13,1,0,0,0,0,0,0,0,0,0,1,0,0,0,0,0,6.069,0.973,-0.204,-0.43,82
"1z","MTBD","PBSF",-0.02,13.838,0.13,1,0,0,0,0,0,0,0,0,0,1,0,0,0,0,0,6.069,0.926,-0.162,-0.384,77
"1z","BTMG","3.Cl",-0.02,13.838,0.13,1,0,0,0,0,0,0,0,0,0,1,0,0,0,0,0,4.727,0.973,-0.21,-0.439,74
"1z","BTMG","PyFluor",-0.02,13.838,0.13,1,0,0,0,0,0,0,0,0,0,1,0,0,0,0,0,4.727,0.849,-0.198,-0.401,79
"1z","BTMG","3.CF3",-0.02,13.838,0.13,1,0,0,0,0,0,0,0,0,0,1,0,0,0,0,0,4.727,0.978,-0.208,-0.436,84
"1z","BTMG","3.NO2",-0.02,13.838,0.13,1,0,0,0,0,0,0,0,0,0,1,0,0,0,0,0,4.727,0.973,-0.204,-0.43,86
"1z","BTMG","PBSF",-0.02,13.838,0.13,1,0,0,0,0,0,0,0,0,0,1,0,0,0,0,0,4.727,0.926,-0.162,-0.384,78
"1z","BTPP","3.Cl",-0.02,13.838,0.13,1,0,0,0,0,0,0,0,0,0,1,0,0,0,0,0,5.305,0.973,-0.21,-0.439,71
"1z","BTPP","PyFluor",-0.02,13.838,0.13,1,0,0,0,0,0,0,0,0,0,1,0,0,0,0,0,5.305,0.849,-0.198,-0.401,77
"1z","BTPP","3.CF3",-0.02,13.838,0.13,1,0,0,0,0,0,0,0,0,0,1,0,0,0,0,0,5.305,0.978,-0.208,-0.436,82
"1z","BTPP","3.NO2",-0.02,13.838,0.13,1,0,0,0,0,0,0,0,0,0,1,0,0,0,0,0,5.305,0.973,-0.204,-0.43,74
"1z","BTPP","PBSF",-0.02,13.838,0.13,1,0,0,0,0,0,0,0,0,0,1,0,0,0,0,0,5.305,0.926,-0.162,-0.384,83
"1aa","DBU","3.Cl",0.118,14.217,0.17,1,0,0,0,0,0,0,0,0,0,1,0,0,0,0,0,7.397,0.973,-0.21,-0.439,25
"1aa","DBU","PyFluor",0.118,14.217,0.17,1,0,0,0,0,0,0,0,0,0,1,0,0,0,0,0,7.397,0.849,-0.198,-0.401,30
"1aa","DBU","3.CF3",0.118,14.217,0.17,1,0,0,0,0,0,0,0,0,0,1,0,0,0,0,0,7.397,0.978,-0.208,-0.436,37
"1aa","DBU","3.NO2",0.118,14.217,0.17,1,0,0,0,0,0,0,0,0,0,1,0,0,0,0,0,7.397,0.973,-0.204,-0.43,17
"1aa","DBU","PBSF",0.118,14.217,0.17,1,0,0,0,0,0,0,0,0,0,1,0,0,0,0,0,7.397,0.926,-0.162,-0.384,71
"1aa","MTBD","3.Cl",0.118,14.217,0.17,1,0,0,0,0,0,0,0,0,0,1,0,0,0,0,0,6.069,0.973,-0.21,-0.439,32
"1aa","MTBD","PyFluor",0.118,14.217,0.17,1,0,0,0,0,0,0,0,0,0,1,0,0,0,0,0,6.069,0.849,-0.198,-0.401,38
"1aa","MTBD","3.CF3",0.118,14.217,0.17,1,0,0,0,0,0,0,0,0,0,1,0,0,0,0,0,6.069,0.978,-0.208,-0.436,37
"1aa","MTBD","3.NO2",0.118,14.217,0.17,1,0,0,0,0,0,0,0,0,0,1,0,0,0,0,0,6.069,0.973,-0.204,-0.43,44
"1aa","MTBD","PBSF",0.118,14.217,0.17,1,0,0,0,0,0,0,0,0,0,1,0,0,0,0,0,6.069,0.926,-0.162,-0.384,79
"1aa","BTMG","3.Cl",0.118,14.217,0.17,1,0,0,0,0,0,0,0,0,0,1,0,0,0,0,0,4.727,0.973,-0.21,-0.439,38
"1aa","BTMG","PyFluor",0.118,14.217,0.17,1,0,0,0,0,0,0,0,0,0,1,0,0,0,0,0,4.727,0.849,-0.198,-0.401,42
"1aa","BTMG","3.CF3",0.118,14.217,0.17,1,0,0,0,0,0,0,0,0,0,1,0,0,0,0,0,4.727,0.978,-0.208,-0.436,47
"1aa","BTMG","3.NO2",0.118,14.217,0.17,1,0,0,0,0,0,0,0,0,0,1,0,0,0,0,0,4.727,0.973,-0.204,-0.43,49
"1aa","BTMG","PBSF",0.118,14.217,0.17,1,0,0,0,0,0,0,0,0,0,1,0,0,0,0,0,4.727,0.926,-0.162,-0.384,87
"1aa","BTPP","3.Cl",0.118,14.217,0.17,1,0,0,0,0,0,0,0,0,0,1,0,0,0,0,0,5.305,0.973,-0.21,-0.439,23
"1aa","BTPP","PyFluor",0.118,14.217,0.17,1,0,0,0,0,0,0,0,0,0,1,0,0,0,0,0,5.305,0.849,-0.198,-0.401,28
"1aa","BTPP","3.CF3",0.118,14.217,0.17,1,0,0,0,0,0,0,0,0,0,1,0,0,0,0,0,5.305,0.978,-0.208,-0.436,28
"1aa","BTPP","3.NO2",0.118,14.217,0.17,1,0,0,0,0,0,0,0,0,0,1,0,0,0,0,0,5.305,0.973,-0.204,-0.43,29
"1aa","BTPP","PBSF",0.118,14.217,0.17,1,0,0,0,0,0,0,0,0,0,1,0,0,0,0,0,5.305,0.926,-0.162,-0.384,51
"1ab","DBU","3.Cl",0.256,6.332,0.13,0,1,0,1,0,0,1,0,0,0,0,1,0,0,0,0,7.397,0.973,-0.21,-0.439,0
"1ab","DBU","PyFluor",0.256,6.332,0.13,0,1,0,1,0,0,1,0,0,0,0,1,0,0,0,0,7.397,0.849,-0.198,-0.401,0
"1ab","DBU","3.CF3",0.256,6.332,0.13,0,1,0,1,0,0,1,0,0,0,0,1,0,0,0,0,7.397,0.978,-0.208,-0.436,2
"1ab","DBU","3.NO2",0.256,6.332,0.13,0,1,0,1,0,0,1,0,0,0,0,1,0,0,0,0,7.397,0.973,-0.204,-0.43,5
"1ab","DBU","PBSF",0.256,6.332,0.13,0,1,0,1,0,0,1,0,0,0,0,1,0,0,0,0,7.397,0.926,-0.162,-0.384,13
"1ab","MTBD","3.Cl",0.256,6.332,0.13,0,1,0,1,0,0,1,0,0,0,0,1,0,0,0,0,6.069,0.973,-0.21,-0.439,0
"1ab","MTBD","PyFluor",0.256,6.332,0.13,0,1,0,1,0,0,1,0,0,0,0,1,0,0,0,0,6.069,0.849,-0.198,-0.401,0
"1ab","MTBD","3.CF3",0.256,6.332,0.13,0,1,0,1,0,0,1,0,0,0,0,1,0,0,0,0,6.069,0.978,-0.208,-0.436,1
"1ab","MTBD","3.NO2",0.256,6.332,0.13,0,1,0,1,0,0,1,0,0,0,0,1,0,0,0,0,6.069,0.973,-0.204,-0.43,5
"1ab","MTBD","PBSF",0.256,6.332,0.13,0,1,0,1,0,0,1,0,0,0,0,1,0,0,0,0,6.069,0.926,-0.162,-0.384,13
"1ab","BTMG","3.Cl",0.256,6.332,0.13,0,1,0,1,0,0,1,0,0,0,0,1,0,0,0,0,4.727,0.973,-0.21,-0.439,0
"1ab","BTMG","PyFluor",0.256,6.332,0.13,0,1,0,1,0,0,1,0,0,0,0,1,0,0,0,0,4.727,0.849,-0.198,-0.401,0
"1ab","BTMG","3.CF3",0.256,6.332,0.13,0,1,0,1,0,0,1,0,0,0,0,1,0,0,0,0,4.727,0.978,-0.208,-0.436,1
"1ab","BTMG","3.NO2",0.256,6.332,0.13,0,1,0,1,0,0,1,0,0,0,0,1,0,0,0,0,4.727,0.973,-0.204,-0.43,3
"1ab","BTMG","PBSF",0.256,6.332,0.13,0,1,0,1,0,0,1,0,0,0,0,1,0,0,0,0,4.727,0.926,-0.162,-0.384,9
"1ab","BTPP","3.Cl",0.256,6.332,0.13,0,1,0,1,0,0,1,0,0,0,0,1,0,0,0,0,5.305,0.973,-0.21,-0.439,0
"1ab","BTPP","PyFluor",0.256,6.332,0.13,0,1,0,1,0,0,1,0,0,0,0,1,0,0,0,0,5.305,0.849,-0.198,-0.401,0
"1ab","BTPP","3.CF3",0.256,6.332,0.13,0,1,0,1,0,0,1,0,0,0,0,1,0,0,0,0,5.305,0.978,-0.208,-0.436,0
"1ab","BTPP","3.NO2",0.256,6.332,0.13,0,1,0,1,0,0,1,0,0,0,0,1,0,0,0,0,5.305,0.973,-0.204,-0.43,2
"1ab","BTPP","PBSF",0.256,6.332,0.13,0,1,0,1,0,0,1,0,0,0,0,1,0,0,0,0,5.305,0.926,-0.162,-0.384,7
"1ac","DBU","3.Cl",0.196,7.559,0.14,0,1,0,1,0,1,0,0,0,0,0,0,1,0,0,0,7.397,0.973,-0.21,-0.439,58
"1ac","DBU","PyFluor",0.196,7.559,0.14,0,1,0,1,0,1,0,0,0,0,0,0,1,0,0,0,7.397,0.849,-0.198,-0.401,63
"1ac","DBU","3.CF3",0.196,7.559,0.14,0,1,0,1,0,1,0,0,0,0,0,0,1,0,0,0,7.397,0.978,-0.208,-0.436,55
"1ac","DBU","3.NO2",0.196,7.559,0.14,0,1,0,1,0,1,0,0,0,0,0,0,1,0,0,0,7.397,0.973,-0.204,-0.43,40
"1ac","DBU","PBSF",0.196,7.559,0.14,0,1,0,1,0,1,0,0,0,0,0,0,1,0,0,0,7.397,0.926,-0.162,-0.384,74
"1ac","MTBD","3.Cl",0.196,7.559,0.14,0,1,0,1,0,1,0,0,0,0,0,0,1,0,0,0,6.069,0.973,-0.21,-0.439,63
"1ac","MTBD","PyFluor",0.196,7.559,0.14,0,1,0,1,0,1,0,0,0,0,0,0,1,0,0,0,6.069,0.849,-0.198,-0.401,72
"1ac","MTBD","3.CF3",0.196,7.559,0.14,0,1,0,1,0,1,0,0,0,0,0,0,1,0,0,0,6.069,0.978,-0.208,-0.436,64
"1ac","MTBD","3.NO2",0.196,7.559,0.14,0,1,0,1,0,1,0,0,0,0,0,0,1,0,0,0,6.069,0.973,-0.204,-0.43,37
"1ac","MTBD","PBSF",0.196,7.559,0.14,0,1,0,1,0,1,0,0,0,0,0,0,1,0,0,0,6.069,0.926,-0.162,-0.384,92
"1ac","BTMG","3.Cl",0.196,7.559,0.14,0,1,0,1,0,1,0,0,0,0,0,0,1,0,0,0,4.727,0.973,-0.21,-0.439,79
"1ac","BTMG","PyFluor",0.196,7.559,0.14,0,1,0,1,0,1,0,0,0,0,0,0,1,0,0,0,4.727,0.849,-0.198,-0.401,80
"1ac","BTMG","3.CF3",0.196,7.559,0.14,0,1,0,1,0,1,0,0,0,0,0,0,1,0,0,0,4.727,0.978,-0.208,-0.436,81
"1ac","BTMG","3.NO2",0.196,7.559,0.14,0,1,0,1,0,1,0,0,0,0,0,0,1,0,0,0,4.727,0.973,-0.204,-0.43,43
"1ac","BTMG","PBSF",0.196,7.559,0.14,0,1,0,1,0,1,0,0,0,0,0,0,1,0,0,0,4.727,0.926,-0.162,-0.384,84
"1ac","BTPP","3.Cl",0.196,7.559,0.14,0,1,0,1,0,1,0,0,0,0,0,0,1,0,0,0,5.305,0.973,-0.21,-0.439,75
"1ac","BTPP","PyFluor",0.196,7.559,0.14,0,1,0,1,0,1,0,0,0,0,0,0,1,0,0,0,5.305,0.849,-0.198,-0.401,65
"1ac","BTPP","3.CF3",0.196,7.559,0.14,0,1,0,1,0,1,0,0,0,0,0,0,1,0,0,0,5.305,0.978,-0.208,-0.436,49
"1ac","BTPP","3.NO2",0.196,7.559,0.14,0,1,0,1,0,1,0,0,0,0,0,0,1,0,0,0,5.305,0.973,-0.204,-0.43,44
"1ac","BTPP","PBSF",0.196,7.559,0.14,0,1,0,1,0,1,0,0,0,0,0,0,1,0,0,0,5.305,0.926,-0.162,-0.384,79
"1ad","DBU","3.Cl",0.087,12.434,0.14,1,0,0,0,0,0,0,0,0,0,0,0,1,0,0,0,7.397,0.973,-0.21,-0.439,32
"1ad","DBU","PyFluor",0.087,12.434,0.14,1,0,0,0,0,0,0,0,0,0,0,0,1,0,0,0,7.397,0.849,-0.198,-0.401,49
"1ad","DBU","3.CF3",0.087,12.434,0.14,1,0,0,0,0,0,0,0,0,0,0,0,1,0,0,0,7.397,0.978,-0.208,-0.436,40
"1ad","DBU","3.NO2",0.087,12.434,0.14,1,0,0,0,0,0,0,0,0,0,0,0,1,0,0,0,7.397,0.973,-0.204,-0.43,36
"1ad","DBU","PBSF",0.087,12.434,0.14,1,0,0,0,0,0,0,0,0,0,0,0,1,0,0,0,7.397,0.926,-0.162,-0.384,31
"1ad","MTBD","3.Cl",0.087,12.434,0.14,1,0,0,0,0,0,0,0,0,0,0,0,1,0,0,0,6.069,0.973,-0.21,-0.439,43
"1ad","MTBD","PyFluor",0.087,12.434,0.14,1,0,0,0,0,0,0,0,0,0,0,0,1,0,0,0,6.069,0.849,-0.198,-0.401,53
"1ad","MTBD","3.CF3",0.087,12.434,0.14,1,0,0,0,0,0,0,0,0,0,0,0,1,0,0,0,6.069,0.978,-0.208,-0.436,42
"1ad","MTBD","3.NO2",0.087,12.434,0.14,1,0,0,0,0,0,0,0,0,0,0,0,1,0,0,0,6.069,0.973,-0.204,-0.43,12
"1ad","MTBD","PBSF",0.087,12.434,0.14,1,0,0,0,0,0,0,0,0,0,0,0,1,0,0,0,6.069,0.926,-0.162,-0.384,31
"1ad","BTMG","3.Cl",0.087,12.434,0.14,1,0,0,0,0,0,0,0,0,0,0,0,1,0,0,0,4.727,0.973,-0.21,-0.439,41
"1ad","BTMG","PyFluor",0.087,12.434,0.14,1,0,0,0,0,0,0,0,0,0,0,0,1,0,0,0,4.727,0.849,-0.198,-0.401,51
"1ad","BTMG","3.CF3",0.087,12.434,0.14,1,0,0,0,0,0,0,0,0,0,0,0,1,0,0,0,4.727,0.978,-0.208,-0.436,53
"1ad","BTMG","3.NO2",0.087,12.434,0.14,1,0,0,0,0,0,0,0,0,0,0,0,1,0,0,0,4.727,0.973,-0.204,-0.43,14
"1ad","BTMG","PBSF",0.087,12.434,0.14,1,0,0,0,0,0,0,0,0,0,0,0,1,0,0,0,4.727,0.926,-0.162,-0.384,42
"1ad","BTPP","3.Cl",0.087,12.434,0.14,1,0,0,0,0,0,0,0,0,0,0,0,1,0,0,0,5.305,0.973,-0.21,-0.439,35
"1ad","BTPP","PyFluor",0.087,12.434,0.14,1,0,0,0,0,0,0,0,0,0,0,0,1,0,0,0,5.305,0.849,-0.198,-0.401,44
"1ad","BTPP","3.CF3",0.087,12.434,0.14,1,0,0,0,0,0,0,0,0,0,0,0,1,0,0,0,5.305,0.978,-0.208,-0.436,54
"1ad","BTPP","3.NO2",0.087,12.434,0.14,1,0,0,0,0,0,0,0,0,0,0,0,1,0,0,0,5.305,0.973,-0.204,-0.43,11
"1ad","BTPP","PBSF",0.087,12.434,0.14,1,0,0,0,0,0,0,0,0,0,0,0,1,0,0,0,5.305,0.926,-0.162,-0.384,43
"1ae","DBU","3.Cl",-0.054,9.547,0.13,1,0,0,0,0,0,0,0,0,0,0,0,0,1,0,0,7.397,0.973,-0.21,-0.439,2
"1ae","DBU","PyFluor",-0.054,9.547,0.13,1,0,0,0,0,0,0,0,0,0,0,0,0,1,0,0,7.397,0.849,-0.198,-0.401,3
"1ae","DBU","3.CF3",-0.054,9.547,0.13,1,0,0,0,0,0,0,0,0,0,0,0,0,1,0,0,7.397,0.978,-0.208,-0.436,3
"1ae","DBU","3.NO2",-0.054,9.547,0.13,1,0,0,0,0,0,0,0,0,0,0,0,0,1,0,0,7.397,0.973,-0.204,-0.43,3
"1ae","DBU","PBSF",-0.054,9.547,0.13,1,0,0,0,0,0,0,0,0,0,0,0,0,1,0,0,7.397,0.926,-0.162,-0.384,3
"1ae","MTBD","3.Cl",-0.054,9.547,0.13,1,0,0,0,0,0,0,0,0,0,0,0,0,1,0,0,6.069,0.973,-0.21,-0.439,5
"1ae","MTBD","PyFluor",-0.054,9.547,0.13,1,0,0,0,0,0,0,0,0,0,0,0,0,1,0,0,6.069,0.849,-0.198,-0.401,8
"1ae","MTBD","3.CF3",-0.054,9.547,0.13,1,0,0,0,0,0,0,0,0,0,0,0,0,1,0,0,6.069,0.978,-0.208,-0.436,8
"1ae","MTBD","3.NO2",-0.054,9.547,0.13,1,0,0,0,0,0,0,0,0,0,0,0,0,1,0,0,6.069,0.973,-0.204,-0.43,9
"1ae","MTBD","PBSF",-0.054,9.547,0.13,1,0,0,0,0,0,0,0,0,0,0,0,0,1,0,0,6.069,0.926,-0.162,-0.384,9
"1ae","BTMG","3.Cl",-0.054,9.547,0.13,1,0,0,0,0,0,0,0,0,0,0,0,0,1,0,0,4.727,0.973,-0.21,-0.439,5
"1ae","BTMG","PyFluor",-0.054,9.547,0.13,1,0,0,0,0,0,0,0,0,0,0,0,0,1,0,0,4.727,0.849,-0.198,-0.401,5
"1ae","BTMG","3.CF3",-0.054,9.547,0.13,1,0,0,0,0,0,0,0,0,0,0,0,0,1,0,0,4.727,0.978,-0.208,-0.436,7
"1ae","BTMG","3.NO2",-0.054,9.547,0.13,1,0,0,0,0,0,0,0,0,0,0,0,0,1,0,0,4.727,0.973,-0.204,-0.43,10
"1ae","BTMG","PBSF",-0.054,9.547,0.13,1,0,0,0,0,0,0,0,0,0,0,0,0,1,0,0,4.727,0.926,-0.162,-0.384,9
"1ae","BTPP","3.Cl",-0.054,9.547,0.13,1,0,0,0,0,0,0,0,0,0,0,0,0,1,0,0,5.305,0.973,-0.21,-0.439,7
"1ae","BTPP","PyFluor",-0.054,9.547,0.13,1,0,0,0,0,0,0,0,0,0,0,0,0,1,0,0,5.305,0.849,-0.198,-0.401,5
"1ae","BTPP","3.CF3",-0.054,9.547,0.13,1,0,0,0,0,0,0,0,0,0,0,0,0,1,0,0,5.305,0.978,-0.208,-0.436,9
"1ae","BTPP","3.NO2",-0.054,9.547,0.13,1,0,0,0,0,0,0,0,0,0,0,0,0,1,0,0,5.305,0.973,-0.204,-0.43,11
"1ae","BTPP","PBSF",-0.054,9.547,0.13,1,0,0,0,0,0,0,0,0,0,0,0,0,1,0,0,5.305,0.926,-0.162,-0.384,28
"1af","DBU","3.Cl",0.2,8.443,0.1,0,1,0,1,0,0,1,0,0,0,0,0,0,0,1,0,7.397,0.973,-0.21,-0.439,10
"1af","DBU","PyFluor",0.2,8.443,0.1,0,1,0,1,0,0,1,0,0,0,0,0,0,0,1,0,7.397,0.849,-0.198,-0.401,38
"1af","DBU","3.CF3",0.2,8.443,0.1,0,1,0,1,0,0,1,0,0,0,0,0,0,0,1,0,7.397,0.978,-0.208,-0.436,32
"1af","DBU","3.NO2",0.2,8.443,0.1,0,1,0,1,0,0,1,0,0,0,0,0,0,0,1,0,7.397,0.973,-0.204,-0.43,41
"1af","DBU","PBSF",0.2,8.443,0.1,0,1,0,1,0,0,1,0,0,0,0,0,0,0,1,0,7.397,0.926,-0.162,-0.384,33
"1af","MTBD","3.Cl",0.2,8.443,0.1,0,1,0,1,0,0,1,0,0,0,0,0,0,0,1,0,6.069,0.973,-0.21,-0.439,23
"1af","MTBD","PyFluor",0.2,8.443,0.1,0,1,0,1,0,0,1,0,0,0,0,0,0,0,1,0,6.069,0.849,-0.198,-0.401,43
"1af","MTBD","3.CF3",0.2,8.443,0.1,0,1,0,1,0,0,1,0,0,0,0,0,0,0,1,0,6.069,0.978,-0.208,-0.436,43
"1af","MTBD","3.NO2",0.2,8.443,0.1,0,1,0,1,0,0,1,0,0,0,0,0,0,0,1,0,6.069,0.973,-0.204,-0.43,50
"1af","MTBD","PBSF",0.2,8.443,0.1,0,1,0,1,0,0,1,0,0,0,0,0,0,0,1,0,6.069,0.926,-0.162,-0.384,32
"1af","BTMG","3.Cl",0.2,8.443,0.1,0,1,0,1,0,0,1,0,0,0,0,0,0,0,1,0,4.727,0.973,-0.21,-0.439,15
"1af","BTMG","PyFluor",0.2,8.443,0.1,0,1,0,1,0,0,1,0,0,0,0,0,0,0,1,0,4.727,0.849,-0.198,-0.401,39
"1af","BTMG","3.CF3",0.2,8.443,0.1,0,1,0,1,0,0,1,0,0,0,0,0,0,0,1,0,4.727,0.978,-0.208,-0.436,41
"1af","BTMG","3.NO2",0.2,8.443,0.1,0,1,0,1,0,0,1,0,0,0,0,0,0,0,1,0,4.727,0.973,-0.204,-0.43,52
"1af","BTMG","PBSF",0.2,8.443,0.1,0,1,0,1,0,0,1,0,0,0,0,0,0,0,1,0,4.727,0.926,-0.162,-0.384,38
"1af","BTPP","3.Cl",0.2,8.443,0.1,0,1,0,1,0,0,1,0,0,0,0,0,0,0,1,0,5.305,0.973,-0.21,-0.439,14
"1af","BTPP","PyFluor",0.2,8.443,0.1,0,1,0,1,0,0,1,0,0,0,0,0,0,0,1,0,5.305,0.849,-0.198,-0.401,23
"1af","BTPP","3.CF3",0.2,8.443,0.1,0,1,0,1,0,0,1,0,0,0,0,0,0,0,1,0,5.305,0.978,-0.208,-0.436,36
"1af","BTPP","3.NO2",0.2,8.443,0.1,0,1,0,1,0,0,1,0,0,0,0,0,0,0,1,0,5.305,0.973,-0.204,-0.43,44
"1af","BTPP","PBSF",0.2,8.443,0.1,0,1,0,1,0,0,1,0,0,0,0,0,0,0,1,0,5.305,0.926,-0.162,-0.384,45
