index,alcohol_.C1_electrostatic_charge,alcohol_.C1_exposed_area,alcohol_electronegativity,alcohol_primary,alcohol_secondary,alcohol_tertiary,alcohol_cyclic,alcohol_4.membered_ring,alcohol_5.membered_ring,alcohol_6.membered_ring,alcohol_7.membered_ring,alcohol_benzylic,alcohol_allylic,alcohol_homobenzylic,alcohol_homoallylic,alcohol_alpha.carbonyl,alcohol_beta_carbonyl,alcohol_hemiacetal,alcohol_alpha.amino,base_.N1_exposed_area,sulfonyl_fluoride_.S1_electrostatic_charge,sulfonyl_fluoride_.F1_electrostatic_charge,sulfonyl_fluoride_.O1_electrostatic_charge,yield
1,0.101,13.68,0.12,1,0,0,0,0,0,0,0,0,0,0,0,0,0,0,0,7.397,0.973,-0.21,-0.439,42
2,0.101,13.68,0.12,1,0,0,0,0,0,0,0,0,0,0,0,0,0,0,0,7.397,0.849,-0.198,-0.401,48
3,0.101,13.68,0.12,1,0,0,0,0,0,0,0,0,0,0,0,0,0,0,0,7.397,0.978,-0.208,-0.436,47
4,0.101,13.68,0.12,1,0,0,0,0,0,0,0,0,0,0,0,0,0,0,0,7.397,0.973,-0.204,-0.43,52
5,0.101,13.68,0.12,1,0,0,0,0,0,0,0,0,0,0,0,0,0,0,0,7.397,0.926,-0.162,-0.384,52
6,0.101,13.68,0.12,1,0,0,0,0,0,0,0,0,0,0,0,0,0,0,0,6.069,0.973,-0.21,-0.439,76
7,0.101,13.68,0.12,1,0,0,0,0,0,0,0,0,0,0,0,0,0,0,0,6.069,0.849,-0.198,-0.401,78
8,0.101,13.68,0.12,1,0,0,0,0,0,0,0,0,0,0,0,0,0,0,0,6.069,0.978,-0.208,-0.436,87
9,0.101,13.68,0.12,1,0,0,0,0,0,0,0,0,0,0,0,0,0,0,0,6.069,0.973,-0.204,-0.43,82
10,0.101,13.68,0.12,1,0,0,0,0,0,0,0,0,0,0,0,0,0,0,0,6.069,0.926,-0.162,-0.384,80
11,0.101,13.68,0.12,1,0,0,0,0,0,0,0,0,0,0,0,0,0,0,0,4.727,0.973,-0.21,-0.439,78
12,0.101,13.68,0.12,1,0,0,0,0,0,0,0,0,0,0,0,0,0,0,0,4.727,0.849,-0.198,-0.401,79
13,0.101,13.68,0.12,1,0,0,0,0,0,0,0,0,0,0,0,0,0,0,0,4.727,0.978,-0.208,-0.436,91
14,0.101,13.68,0.12,1,0,0,0,0,0,0,0,0,0,0,0,0,0,0,0,4.727,0.973,-0.204,-0.43,87
15,0.101,13.68,0.12,1,0,0,0,0,0,0,0,0,0,0,0,0,0,0,0,4.727,0.926,-0.162,-0.384,84
16,0.101,13.68,0.12,1,0,0,0,0,0,0,0,0,0,0,0,0,0,0,0,5.305,0.973,-0.21,-0.439,87
17,0.101,13.68,0.12,1,0,0,0,0,0,0,0,0,0,0,0,0,0,0,0,5.305,0.849,-0.198,-0.401,88
18,0.101,13.68,0.12,1,0,0,0,0,0,0,0,0,0,0,0,0,0,0,0,5.305,0.978,-0.208,-0.436,96
19,0.101,13.68,0.12,1,0,0,0,0,0,0,0,0,0,0,0,0,0,0,0,5.305,0.973,-0.204,-0.43,83
20,0.101,13.68,0.12,1,0,0,0,0,0,0,0,0,0,0,0,0,0,0,0,5.305,0.926,-0.162,-0.384,94
21,0.474,6.211,0.11,0,1,0,0,0,0,0,0,0,0,0,0,0,0,0,0,7.397,0.973,-0.21,-0.439,40
22,0.474,6.211,0.11,0,1,0,0,0,0,0,0,0,0,0,0,0,0,0,0,7.397,0.849,-0.198,-0.401,57
23,0.474,6.211,0.11,0,1,0,0,0,0,0,0,0,0,0,0,0,0,0,0,7.397,0.978,-0.208,-0.436,52
24,0.474,6.211,0.11,0,1,0,0,0,0,0,0,0,0,0,0,0,0,0,0,7.397,0.973,-0.204,-0.43,54
25,0.474,6.211,0.11,0,1,0,0,0,0,0,0,0,0,0,0,0,0,0,0,7.397,0.926,-0.162,-0.384,39
26,0.474,6.211,0.11,0,1,0,0,0,0,0,0,0,0,0,0,0,0,0,0,6.069,0.973,-0.21,-0.439,54
27,0.474,6.211,0.11,0,1,0,0,0,0,0,0,0,0,0,0,0,0,0,0,6.069,0.849,-0.198,-0.401,59
28,0.474,6.211,0.11,0,1,0,0,0,0,0,0,0,0,0,0,0,0,0,0,6.069,0.978,-0.208,-0.436,69
29,0.474,6.211,0.11,0,1,0,0,0,0,0,0,0,0,0,0,0,0,0,0,6.069,0.973,-0.204,-0.43,63
30,0.474,6.211,0.11,0,1,0,0,0,0,0,0,0,0,0,0,0,0,0,0,6.069,0.926,-0.162,-0.384,60
31,0.474,6.211,0.11,0,1,0,0,0,0,0,0,0,0,0,0,0,0,0,0,4.727,0.973,-0.21,-0.439,41
32,0.474,6.211,0.11,0,1,0,0,0,0,0,0,0,0,0,0,0,0,0,0,4.727,0.849,-0.198,-0.401,49
33,0.474,6.211,0.11,0,1,0,0,0,0,0,0,0,0,0,0,0,0,0,0,4.727,0.978,-0.208,-0.436,57
34,0.474,6.211,0.11,0,1,0,0,0,0,0,0,0,0,0,0,0,0,0,0,4.727,0.973,-0.204,-0.43,55
35,0.474,6.211,0.11,0,1,0,0,0,0,0,0,0,0,0,0,0,0,0,0,4.727,0.926,-0.162,-0.384,61
36,0.474,6.211,0.11,0,1,0,0,0,0,0,0,0,0,0,0,0,0,0,0,5.305,0.973,-0.21,-0.439,42
37,0.474,6.211,0.11,0,1,0,0,0,0,0,0,0,0,0,0,0,0,0,0,5.305,0.849,-0.198,-0.401,53
38,0.474,6.211,0.11,0,1,0,0,0,0,0,0,0,0,0,0,0,0,0,0,5.305,0.978,-0.208,-0.436,60
39,0.474,6.211,0.11,0,1,0,0,0,0,0,0,0,0,0,0,0,0,0,0,5.305,0.973,-0.204,-0.43,51
40,0.474,6.211,0.11,0,1,0,0,0,0,0,0,0,0,0,0,0,0,0,0,5.305,0.926,-0.162,-0.384,65
41,0.808,0.994,0.12,0,0,1,0,0,0,0,0,0,0,0,0,0,0,0,0,7.397,0.973,-0.21,-0.439,0
42,0.808,0.994,0.12,0,0,1,0,0,0,0,0,0,0,0,0,0,0,0,0,7.397,0.849,-0.198,-0.401,4
43,0.808,0.994,0.12,0,0,1,0,0,0,0,0,0,0,0,0,0,0,0,0,7.397,0.978,-0.208,-0.436,2
44,0.808,0.994,0.12,0,0,1,0,0,0,0,0,0,0,0,0,0,0,0,0,7.397,0.973,-0.204,-0.43,4
45,0.808,0.994,0.12,0,0,1,0,0,0,0,0,0,0,0,0,0,0,0,0,7.397,0.926,-0.162,-0.384,9
46,0.808,0.994,0.12,0,0,1,0,0,0,0,0,0,0,0,0,0,0,0,0,6.069,0.973,-0.21,-0.439,1
47,0.808,0.994,0.12,0,0,1,0,0,0,0,0,0,0,0,0,0,0,0,0,6.069,0.849,-0.198,-0.401,5
48,0.808,0.994,0.12,0,0,1,0,0,0,0,0,0,0,0,0,0,0,0,0,6.069,0.978,-0.208,-0.436,4
49,0.808,0.994,0.12,0,0,1,0,0,0,0,0,0,0,0,0,0,0,0,0,6.069,0.973,-0.204,-0.43,5
50,0.808,0.994,0.12,0,0,1,0,0,0,0,0,0,0,0,0,0,0,0,0,6.069,0.926,-0.162,-0.384,18
51,0.808,0.994,0.12,0,0,1,0,0,0,0,0,0,0,0,0,0,0,0,0,4.727,0.973,-0.21,-0.439,0
52,0.808,0.994,0.12,0,0,1,0,0,0,0,0,0,0,0,0,0,0,0,0,4.727,0.849,-0.198,-0.401,0
53,0.808,0.994,0.12,0,0,1,0,0,0,0,0,0,0,0,0,0,0,0,0,4.727,0.978,-0.208,-0.436,0
54,0.808,0.994,0.12,0,0,1,0,0,0,0,0,0,0,0,0,0,0,0,0,4.727,0.973,-0.204,-0.43,1
55,0.808,0.994,0.12,0,0,1,0,0,0,0,0,0,0,0,0,0,0,0,0,4.727,0.926,-0.162,-0.384,17
56,0.808,0.994,0.12,0,0,1,0,0,0,0,0,0,0,0,0,0,0,0,0,5.305,0.973,-0.21,-0.439,0
57,0.808,0.994,0.12,0,0,1,0,0,0,0,0,0,0,0,0,0,0,0,0,5.305,0.849,-0.198,-0.401,0
58,0.808,0.994,0.12,0,0,1,0,0,0,0,0,0,0,0,0,0,0,0,0,5.305,0.978,-0.208,-0.436,1
59,0.808,0.994,0.12,0,0,1,0,0,0,0,0,0,0,0,0,0,0,0,0,5.305,0.973,-0.204,-0.43,0
60,0.808,0.994,0.12,0,0,1,0,0,0,0,0,0,0,0,0,0,0,0,0,5.305,0.926,-0.162,-0.384,22
61,0.034,13.748,0.12,1,0,0,0,0,0,0,0,0,0,0,0,0,0,0,0,7.397,0.973,-0.21,-0.439,53
62,0.034,13.748,0.12,1,0,0,0,0,0,0,0,0,0,0,0,0,0,0,0,7.397,0.849,-0.198,-0.401,63
63,0.034,13.748,0.12,1,0,0,0,0,0,0,0,0,0,0,0,0,0,0,0,7.397,0.978,-0.208,-0.436,63
64,0.034,13.748,0.12,1,0,0,0,0,0,0,0,0,0,0,0,0,0,0,0,7.397,0.973,-0.204,-0.43,65
65,0.034,13.748,0.12,1,0,0,0,0,0,0,0,0,0,0,0,0,0,0,0,7.397,0.926,-0.162,-0.384,60
66,0.034,13.748,0.12,1,0,0,0,0,0,0,0,0,0,0,0,0,0,0,0,6.069,0.973,-0.21,-0.439,88
67,0.034,13.748,0.12,1,0,0,0,0,0,0,0,0,0,0,0,0,0,0,0,6.069,0.849,-0.198,-0.401,84
68,0.034,13.748,0.12,1,0,0,0,0,0,0,0,0,0,0,0,0,0,0,0,6.069,0.978,-0.208,-0.436,98
69,0.034,13.748,0.12,1,0,0,0,0,0,0,0,0,0,0,0,0,0,0,0,6.069,0.973,-0.204,-0.43,89
70,0.034,13.748,0.12,1,0,0,0,0,0,0,0,0,0,0,0,0,0,0,0,6.069,0.926,-0.162,-0.384,82
71,0.034,13.748,0.12,1,0,0,0,0,0,0,0,0,0,0,0,0,0,0,0,4.727,0.973,-0.21,-0.439,94
72,0.034,13.748,0.12,1,0,0,0,0,0,0,0,0,0,0,0,0,0,0,0,4.727,0.849,-0.198,-0.401,91
73,0.034,13.748,0.12,1,0,0,0,0,0,0,0,0,0,0,0,0,0,0,0,4.727,0.978,-0.208,-0.436,106
74,0.034,13.748,0.12,1,0,0,0,0,0,0,0,0,0,0,0,0,0,0,0,4.727,0.973,-0.204,-0.43,101
75,0.034,13.748,0.12,1,0,0,0,0,0,0,0,0,0,0,0,0,0,0,0,4.727,0.926,-0.162,-0.384,91
76,0.034,13.748,0.12,1,0,0,0,0,0,0,0,0,0,0,0,0,0,0,0,5.305,0.973,-0.21,-0.439,94
77,0.034,13.748,0.12,1,0,0,0,0,0,0,0,0,0,0,0,0,0,0,0,5.305,0.849,-0.198,-0.401,98
78,0.034,13.748,0.12,1,0,0,0,0,0,0,0,0,0,0,0,0,0,0,0,5.305,0.978,-0.208,-0.436,104
79,0.034,13.748,0.12,1,0,0,0,0,0,0,0,0,0,0,0,0,0,0,0,5.305,0.973,-0.204,-0.43,95
80,0.034,13.748,0.12,1,0,0,0,0,0,0,0,0,0,0,0,0,0,0,0,5.305,0.926,-0.162,-0.384,94
81,0.484,6.218,0.12,0,1,0,0,0,0,0,0,0,0,0,0,0,0,0,0,7.397,0.973,-0.21,-0.439,53
82,0.484,6.218,0.12,0,1,0,0,0,0,0,0,0,0,0,0,0,0,0,0,7.397,0.849,-0.198,-0.401,68
83,0.484,6.218,0.12,0,1,0,0,0,0,0,0,0,0,0,0,0,0,0,0,7.397,0.978,-0.208,-0.436,71
84,0.484,6.218,0.12,0,1,0,0,0,0,0,0,0,0,0,0,0,0,0,0,7.397,0.973,-0.204,-0.43,74
85,0.484,6.218,0.12,0,1,0,0,0,0,0,0,0,0,0,0,0,0,0,0,7.397,0.926,-0.162,-0.384,54
86,0.484,6.218,0.12,0,1,0,0,0,0,0,0,0,0,0,0,0,0,0,0,6.069,0.973,-0.21,-0.439,52
87,0.484,6.218,0.12,0,1,0,0,0,0,0,0,0,0,0,0,0,0,0,0,6.069,0.849,-0.198,-0.401,68
88,0.484,6.218,0.12,0,1,0,0,0,0,0,0,0,0,0,0,0,0,0,0,6.069,0.978,-0.208,-0.436,72
89,0.484,6.218,0.12,0,1,0,0,0,0,0,0,0,0,0,0,0,0,0,0,6.069,0.973,-0.204,-0.43,66
90,0.484,6.218,0.12,0,1,0,0,0,0,0,0,0,0,0,0,0,0,0,0,6.069,0.926,-0.162,-0.384,53
91,0.484,6.218,0.12,0,1,0,0,0,0,0,0,0,0,0,0,0,0,0,0,4.727,0.973,-0.21,-0.439,49
92,0.484,6.218,0.12,0,1,0,0,0,0,0,0,0,0,0,0,0,0,0,0,4.727,0.849,-0.198,-0.401,69
93,0.484,6.218,0.12,0,1,0,0,0,0,0,0,0,0,0,0,0,0,0,0,4.727,0.978,-0.208,-0.436,80
94,0.484,6.218,0.12,0,1,0,0,0,0,0,0,0,0,0,0,0,0,0,0,4.727,0.973,-0.204,-0.43,82
95,0.484,6.218,0.12,0,1,0,0,0,0,0,0,0,0,0,0,0,0,0,0,4.727,0.926,-0.162,-0.384,76
96,0.484,6.218,0.12,0,1,0,0,0,0,0,0,0,0,0,0,0,0,0,0,5.305,0.973,-0.21,-0.439,48
97,0.484,6.218,0.12,0,1,0,0,0,0,0,0,0,0,0,0,0,0,0,0,5.305,0.849,-0.198,-0.401,67
98,0.484,6.218,0.12,0,1,0,0,0,0,0,0,0,0,0,0,0,0,0,0,5.305,0.978,-0.208,-0.436,78
99,0.484,6.218,0.12,0,1,0,0,0,0,0,0,0,0,0,0,0,0,0,0,5.305,0.973,-0.204,-0.43,66
100,0.484,6.218,0.12,0,1,0,0,0,0,0,0,0,0,0,0,0,0,0,0,5.305,0.926,-0.162,-0.384,72
101,0.0,13.545,0.15,1,0,0,0,0,0,0,0,0,0,0,0,0,0,0,0,7.397,0.973,-0.21,-0.439,6
102,0.0,13.545,0.15,1,0,0,0,0,0,0,0,0,0,0,0,0,0,0,0,7.397,0.849,-0.198,-0.401,13
103,0.0,13.545,0.15,1,0,0,0,0,0,0,0,0,0,0,0,0,0,0,0,7.397,0.978,-0.208,-0.436,14
104,0.0,13.545,0.15,1,0,0,0,0,0,0,0,0,0,0,0,0,0,0,0,7.397,0.973,-0.204,-0.43,17
105,0.0,13.545,0.15,1,0,0,0,0,0,0,0,0,0,0,0,0,0,0,0,7.397,0.926,-0.162,-0.384,29
106,0.0,13.545,0.15,1,0,0,0,0,0,0,0,0,0,0,0,0,0,0,0,6.069,0.973,-0.21,-0.439,17
107,0.0,13.545,0.15,1,0,0,0,0,0,0,0,0,0,0,0,0,0,0,0,6.069,0.849,-0.198,-0.401,26
108,0.0,13.545,0.15,1,0,0,0,0,0,0,0,0,0,0,0,0,0,0,0,6.069,0.978,-0.208,-0.436,30
109,0.0,13.545,0.15,1,0,0,0,0,0,0,0,0,0,0,0,0,0,0,0,6.069,0.973,-0.204,-0.43,36
110,0.0,13.545,0.15,1,0,0,0,0,0,0,0,0,0,0,0,0,0,0,0,6.069,0.926,-0.162,-0.384,38
111,0.0,13.545,0.15,1,0,0,0,0,0,0,0,0,0,0,0,0,0,0,0,4.727,0.973,-0.21,-0.439,21
112,0.0,13.545,0.15,1,0,0,0,0,0,0,0,0,0,0,0,0,0,0,0,4.727,0.849,-0.198,-0.401,31
113,0.0,13.545,0.15,1,0,0,0,0,0,0,0,0,0,0,0,0,0,0,0,4.727,0.978,-0.208,-0.436,34
114,0.0,13.545,0.15,1,0,0,0,0,0,0,0,0,0,0,0,0,0,0,0,4.727,0.973,-0.204,-0.43,40
115,0.0,13.545,0.15,1,0,0,0,0,0,0,0,0,0,0,0,0,0,0,0,4.727,0.926,-0.162,-0.384,49
116,0.0,13.545,0.15,1,0,0,0,0,0,0,0,0,0,0,0,0,0,0,0,5.305,0.973,-0.21,-0.439,32
117,0.0,13.545,0.15,1,0,0,0,0,0,0,0,0,0,0,0,0,0,0,0,5.305,0.849,-0.198,-0.401,38
118,0.0,13.545,0.15,1,0,0,0,0,0,0,0,0,0,0,0,0,0,0,0,5.305,0.978,-0.208,-0.436,45
119,0.0,13.545,0.15,1,0,0,0,0,0,0,0,0,0,0,0,0,0,0,0,5.305,0.973,-0.204,-0.43,49
120,0.0,13.545,0.15,1,0,0,0,0,0,0,0,0,0,0,0,0,0,0,0,5.305,0.926,-0.162,-0.384,47
121,-0.044,12.357,0.15,1,0,0,0,0,0,0,0,0,0,0,0,0,0,0,1,7.397,0.973,-0.21,-0.439,43
122,-0.044,12.357,0.15,1,0,0,0,0,0,0,0,0,0,0,0,0,0,0,1,7.397,0.849,-0.198,-0.401,54
123,-0.044,12.357,0.15,1,0,0,0,0,0,0,0,0,0,0,0,0,0,0,1,7.397,0.978,-0.208,-0.436,54
124,-0.044,12.357,0.15,1,0,0,0,0,0,0,0,0,0,0,0,0,0,0,1,7.397,0.973,-0.204,-0.43,58
125,-0.044,12.357,0.15,1,0,0,0,0,0,0,0,0,0,0,0,0,0,0,1,7.397,0.926,-0.162,-0.384,52
126,-0.044,12.357,0.15,1,0,0,0,0,0,0,0,0,0,0,0,0,0,0,1,6.069,0.973,-0.21,-0.439,72
127,-0.044,12.357,0.15,1,0,0,0,0,0,0,0,0,0,0,0,0,0,0,1,6.069,0.849,-0.198,-0.401,74
128,-0.044,12.357,0.15,1,0,0,0,0,0,0,0,0,0,0,0,0,0,0,1,6.069,0.978,-0.208,-0.436,80
129,-0.044,12.357,0.15,1,0,0,0,0,0,0,0,0,0,0,0,0,0,0,1,6.069,0.973,-0.204,-0.43,77
130,-0.044,12.357,0.15,1,0,0,0,0,0,0,0,0,0,0,0,0,0,0,1,6.069,0.926,-0.162,-0.384,65
131,-0.044,12.357,0.15,1,0,0,0,0,0,0,0,0,0,0,0,0,0,0,1,4.727,0.973,-0.21,-0.439,73
132,-0.044,12.357,0.15,1,0,0,0,0,0,0,0,0,0,0,0,0,0,0,1,4.727,0.849,-0.198,-0.401,76
133,-0.044,12.357,0.15,1,0,0,0,0,0,0,0,0,0,0,0,0,0,0,1,4.727,0.978,-0.208,-0.436,80
134,-0.044,12.357,0.15,1,0,0,0,0,0,0,0,0,0,0,0,0,0,0,1,4.727,0.973,-0.204,-0.43,77
135,-0.044,12.357,0.15,1,0,0,0,0,0,0,0,0,0,0,0,0,0,0,1,4.727,0.926,-0.162,-0.384,56
136,-0.044,12.357,0.15,1,0,0,0,0,0,0,0,0,0,0,0,0,0,0,1,5.305,0.973,-0.21,-0.439,66
137,-0.044,12.357,0.15,1,0,0,0,0,0,0,0,0,0,0,0,0,0,0,1,5.305,0.849,-0.198,-0.401,75
138,-0.044,12.357,0.15,1,0,0,0,0,0,0,0,0,0,0,0,0,0,0,1,5.305,0.978,-0.208,-0.436,67
139,-0.044,12.357,0.15,1,0,0,0,0,0,0,0,0,0,0,0,0,0,0,1,5.305,0.973,-0.204,-0.43,73
140,-0.044,12.357,0.15,1,0,0,0,0,0,0,0,0,0,0,0,0,0,0,1,5.305,0.926,-0.162,-0.384,46
141,-0.043,12.177,0.11,1,0,0,0,0,0,0,0,0,0,0,0,0,0,0,1,7.397,0.973,-0.21,-0.439,6
142,-0.043,12.177,0.11,1,0,0,0,0,0,0,0,0,0,0,0,0,0,0,1,7.397,0.849,-0.198,-0.401,7
143,-0.043,12.177,0.11,1,0,0,0,0,0,0,0,0,0,0,0,0,0,0,1,7.397,0.978,-0.208,-0.436,8
144,-0.043,12.177,0.11,1,0,0,0,0,0,0,0,0,0,0,0,0,0,0,1,7.397,0.973,-0.204,-0.43,8
145,-0.043,12.177,0.11,1,0,0,0,0,0,0,0,0,0,0,0,0,0,0,1,7.397,0.926,-0.162,-0.384,10
146,-0.043,12.177,0.11,1,0,0,0,0,0,0,0,0,0,0,0,0,0,0,1,6.069,0.973,-0.21,-0.439,21
147,-0.043,12.177,0.11,1,0,0,0,0,0,0,0,0,0,0,0,0,0,0,1,6.069,0.849,-0.198,-0.401,18
148,-0.043,12.177,0.11,1,0,0,0,0,0,0,0,0,0,0,0,0,0,0,1,6.069,0.978,-0.208,-0.436,22
149,-0.043,12.177,0.11,1,0,0,0,0,0,0,0,0,0,0,0,0,0,0,1,6.069,0.973,-0.204,-0.43,20
150,-0.043,12.177,0.11,1,0,0,0,0,0,0,0,0,0,0,0,0,0,0,1,6.069,0.926,-0.162,-0.384,23
151,-0.043,12.177,0.11,1,0,0,0,0,0,0,0,0,0,0,0,0,0,0,1,4.727,0.973,-0.21,-0.439,26
152,-0.043,12.177,0.11,1,0,0,0,0,0,0,0,0,0,0,0,0,0,0,1,4.727,0.849,-0.198,-0.401,17
153,-0.043,12.177,0.11,1,0,0,0,0,0,0,0,0,0,0,0,0,0,0,1,4.727,0.978,-0.208,-0.436,28
154,-0.043,12.177,0.11,1,0,0,0,0,0,0,0,0,0,0,0,0,0,0,1,4.727,0.973,-0.204,-0.43,27
155,-0.043,12.177,0.11,1,0,0,0,0,0,0,0,0,0,0,0,0,0,0,1,4.727,0.926,-0.162,-0.384,30
156,-0.043,12.177,0.11,1,0,0,0,0,0,0,0,0,0,0,0,0,0,0,1,5.305,0.973,-0.21,-0.439,27
157,-0.043,12.177,0.11,1,0,0,0,0,0,0,0,0,0,0,0,0,0,0,1,5.305,0.849,-0.198,-0.401,16
158,-0.043,12.177,0.11,1,0,0,0,0,0,0,0,0,0,0,0,0,0,0,1,5.305,0.978,-0.208,-0.436,31
159,-0.043,12.177,0.11,1,0,0,0,0,0,0,0,0,0,0,0,0,0,0,1,5.305,0.973,-0.204,-0.43,28
160,-0.043,12.177,0.11,1,0,0,0,0,0,0,0,0,0,0,0,0,0,0,1,5.305,0.926,-0.162,-0.384,36
161,0.425,8.427,0.12,0,1,0,1,1,0,0,0,0,0,0,0,0,0,0,0,7.397,0.973,-0.21,-0.439,1
162,0.425,8.427,0.12,0,1,0,1,1,0,0,0,0,0,0,0,0,0,0,0,7.397,0.849,-0.198,-0.401,1
163,0.425,8.427,0.12,0,1,0,1,1,0,0,0,0,0,0,0,0,0,0,0,7.397,0.978,-0.208,-0.436,3
164,0.425,8.427,0.12,0,1,0,1,1,0,0,0,0,0,0,0,0,0,0,0,7.397,0.973,-0.204,-0.43,11
165,0.425,8.427,0.12,0,1,0,1,1,0,0,0,0,0,0,0,0,0,0,0,7.397,0.926,-0.162,-0.384,83
166,0.425,8.427,0.12,0,1,0,1,1,0,0,0,0,0,0,0,0,0,0,0,6.069,0.973,-0.21,-0.439,1
167,0.425,8.427,0.12,0,1,0,1,1,0,0,0,0,0,0,0,0,0,0,0,6.069,0.849,-0.198,-0.401,2
168,0.425,8.427,0.12,0,1,0,1,1,0,0,0,0,0,0,0,0,0,0,0,6.069,0.978,-0.208,-0.436,4
169,0.425,8.427,0.12,0,1,0,1,1,0,0,0,0,0,0,0,0,0,0,0,6.069,0.973,-0.204,-0.43,12
170,0.425,8.427,0.12,0,1,0,1,1,0,0,0,0,0,0,0,0,0,0,0,6.069,0.926,-0.162,-0.384,79
171,0.425,8.427,0.12,0,1,0,1,1,0,0,0,0,0,0,0,0,0,0,0,4.727,0.973,-0.21,-0.439,1
172,0.425,8.427,0.12,0,1,0,1,1,0,0,0,0,0,0,0,0,0,0,0,4.727,0.849,-0.198,-0.401,1
173,0.425,8.427,0.12,0,1,0,1,1,0,0,0,0,0,0,0,0,0,0,0,4.727,0.978,-0.208,-0.436,5
174,0.425,8.427,0.12,0,1,0,1,1,0,0,0,0,0,0,0,0,0,0,0,4.727,0.973,-0.204,-0.43,12
175,0.425,8.427,0.12,0,1,0,1,1,0,0,0,0,0,0,0,0,0,0,0,4.727,0.926,-0.162,-0.384,89
176,0.425,8.427,0.12,0,1,0,1,1,0,0,0,0,0,0,0,0,0,0,0,5.305,0.973,-0.21,-0.439,3
177,0.425,8.427,0.12,0,1,0,1,1,0,0,0,0,0,0,0,0,0,0,0,5.305,0.849,-0.198,-0.401,1
178,0.425,8.427,0.12,0,1,0,1,1,0,0,0,0,0,0,0,0,0,0,0,5.305,0.978,-0.208,-0.436,12
179,0.425,8.427,0.12,0,1,0,1,1,0,0,0,0,0,0,0,0,0,0,0,5.305,0.973,-0.204,-0.43,22
180,0.425,8.427,0.12,0,1,0,1,1,0,0,0,0,0,0,0,0,0,0,0,5.305,0.926,-0.162,-0.384,82
181,0.332,6.896,0.11,0,1,0,1,0,1,0,0,0,0,0,0,0,0,0,0,7.397,0.973,-0.21,-0.439,23
182,0.332,6.896,0.11,0,1,0,1,0,1,0,0,0,0,0,0,0,0,0,0,7.397,0.849,-0.198,-0.401,40
183,0.332,6.896,0.11,0,1,0,1,0,1,0,0,0,0,0,0,0,0,0,0,7.397,0.978,-0.208,-0.436,47
184,0.332,6.896,0.11,0,1,0,1,0,1,0,0,0,0,0,0,0,0,0,0,7.397,0.973,-0.204,-0.43,55
185,0.332,6.896,0.11,0,1,0,1,0,1,0,0,0,0,0,0,0,0,0,0,7.397,0.926,-0.162,-0.384,76
186,0.332,6.896,0.11,0,1,0,1,0,1,0,0,0,0,0,0,0,0,0,0,6.069,0.973,-0.21,-0.439,34
187,0.332,6.896,0.11,0,1,0,1,0,1,0,0,0,0,0,0,0,0,0,0,6.069,0.849,-0.198,-0.401,41
188,0.332,6.896,0.11,0,1,0,1,0,1,0,0,0,0,0,0,0,0,0,0,6.069,0.978,-0.208,-0.436,60
189,0.332,6.896,0.11,0,1,0,1,0,1,0,0,0,0,0,0,0,0,0,0,6.069,0.973,-0.204,-0.43,65
190,0.332,6.896,0.11,0,1,0,1,0,1,0,0,0,0,0,0,0,0,0,0,6.069,0.926,-0.162,-0.384,88
191,0.332,6.896,0.11,0,1,0,1,0,1,0,0,0,0,0,0,0,0,0,0,4.727,0.973,-0.21,-0.439,30
192,0.332,6.896,0.11,0,1,0,1,0,1,0,0,0,0,0,0,0,0,0,0,4.727,0.849,-0.198,-0.401,39
193,0.332,6.896,0.11,0,1,0,1,0,1,0,0,0,0,0,0,0,0,0,0,4.727,0.978,-0.208,-0.436,47
194,0.332,6.896,0.11,0,1,0,1,0,1,0,0,0,0,0,0,0,0,0,0,4.727,0.973,-0.204,-0.43,55
195,0.332,6.896,0.11,0,1,0,1,0,1,0,0,0,0,0,0,0,0,0,0,4.727,0.926,-0.162,-0.384,79
196,0.332,6.896,0.11,0,1,0,1,0,1,0,0,0,0,0,0,0,0,0,0,5.305,0.973,-0.21,-0.439,46
197,0.332,6.896,0.11,0,1,0,1,0,1,0,0,0,0,0,0,0,0,0,0,5.305,0.849,-0.198,-0.401,49
198,0.332,6.896,0.11,0,1,0,1,0,1,0,0,0,0,0,0,0,0,0,0,5.305,0.978,-0.208,-0.436,58
199,0.332,6.896,0.11,0,1,0,1,0,1,0,0,0,0,0,0,0,0,0,0,5.305,0.973,-0.204,-0.43,56
200,0.332,6.896,0.11,0,1,0,1,0,1,0,0,0,0,0,0,0,0,0,0,5.305,0.926,-0.162,-0.384,82
201,0.369,7.621,0.12,0,1,0,1,0,1,0,0,0,0,0,0,0,0,0,0,7.397,0.973,-0.21,-0.439,25
202,0.369,7.621,0.12,0,1,0,1,0,1,0,0,0,0,0,0,0,0,0,0,7.397,0.849,-0.198,-0.401,45
203,0.369,7.621,0.12,0,1,0,1,0,1,0,0,0,0,0,0,0,0,0,0,7.397,0.978,-0.208,-0.436,41
204,0.369,7.621,0.12,0,1,0,1,0,1,0,0,0,0,0,0,0,0,0,0,7.397,0.973,-0.204,-0.43,48
205,0.369,7.621,0.12,0,1,0,1,0,1,0,0,0,0,0,0,0,0,0,0,7.397,0.926,-0.162,-0.384,59
206,0.369,7.621,0.12,0,1,0,1,0,1,0,0,0,0,0,0,0,0,0,0,6.069,0.973,-0.21,-0.439,30
207,0.369,7.621,0.12,0,1,0,1,0,1,0,0,0,0,0,0,0,0,0,0,6.069,0.849,-0.198,-0.401,40
208,0.369,7.621,0.12,0,1,0,1,0,1,0,0,0,0,0,0,0,0,0,0,6.069,0.978,-0.208,-0.436,47
209,0.369,7.621,0.12,0,1,0,1,0,1,0,0,0,0,0,0,0,0,0,0,6.069,0.973,-0.204,-0.43,48
210,0.369,7.621,0.12,0,1,0,1,0,1,0,0,0,0,0,0,0,0,0,0,6.069,0.926,-0.162,-0.384,74
211,0.369,7.621,0.12,0,1,0,1,0,1,0,0,0,0,0,0,0,0,0,0,4.727,0.973,-0.21,-0.439,29
212,0.369,7.621,0.12,0,1,0,1,0,1,0,0,0,0,0,0,0,0,0,0,4.727,0.849,-0.198,-0.401,39
213,0.369,7.621,0.12,0,1,0,1,0,1,0,0,0,0,0,0,0,0,0,0,4.727,0.978,-0.208,-0.436,39
214,0.369,7.621,0.12,0,1,0,1,0,1,0,0,0,0,0,0,0,0,0,0,4.727,0.973,-0.204,-0.43,40
215,0.369,7.621,0.12,0,1,0,1,0,1,0,0,0,0,0,0,0,0,0,0,4.727,0.926,-0.162,-0.384,64
216,0.369,7.621,0.12,0,1,0,1,0,1,0,0,0,0,0,0,0,0,0,0,5.305,0.973,-0.21,-0.439,30
217,0.369,7.621,0.12,0,1,0,1,0,1,0,0,0,0,0,0,0,0,0,0,5.305,0.849,-0.198,-0.401,33
218,0.369,7.621,0.12,0,1,0,1,0,1,0,0,0,0,0,0,0,0,0,0,5.305,0.978,-0.208,-0.436,33
219,0.369,7.621,0.12,0,1,0,1,0,1,0,0,0,0,0,0,0,0,0,0,5.305,0.973,-0.204,-0.43,32
220,0.369,7.621,0.12,0,1,0,1,0,1,0,0,0,0,0,0,0,0,0,0,5.305,0.926,-0.162,-0.384,58
221,0.374,6.723,0.09,0,1,0,1,0,1,0,0,0,0,0,0,0,0,0,0,7.397,0.973,-0.21,-0.439,0
222,0.374,6.723,0.09,0,1,0,1,0,1,0,0,0,0,0,0,0,0,0,0,7.397,0.849,-0.198,-0.401,0
223,0.374,6.723,0.09,0,1,0,1,0,1,0,0,0,0,0,0,0,0,0,0,7.397,0.978,-0.208,-0.436,0
224,0.374,6.723,0.09,0,1,0,1,0,1,0,0,0,0,0,0,0,0,0,0,7.397,0.973,-0.204,-0.43,0
225,0.374,6.723,0.09,0,1,0,1,0,1,0,0,0,0,0,0,0,0,0,0,7.397,0.926,-0.162,-0.384,65
226,0.374,6.723,0.09,0,1,0,1,0,1,0,0,0,0,0,0,0,0,0,0,6.069,0.973,-0.21,-0.439,0
227,0.374,6.723,0.09,0,1,0,1,0,1,0,0,0,0,0,0,0,0,0,0,6.069,0.849,-0.198,-0.401,0
228,0.374,6.723,0.09,0,1,0,1,0,1,0,0,0,0,0,0,0,0,0,0,6.069,0.978,-0.208,-0.436,0
229,0.374,6.723,0.09,0,1,0,1,0,1,0,0,0,0,0,0,0,0,0,0,6.069,0.973,-0.204,-0.43,0
230,0.374,6.723,0.09,0,1,0,1,0,1,0,0,0,0,0,0,0,0,0,0,6.069,0.926,-0.162,-0.384,80
231,0.374,6.723,0.09,0,1,0,1,0,1,0,0,0,0,0,0,0,0,0,0,4.727,0.973,-0.21,-0.439,0
232,0.374,6.723,0.09,0,1,0,1,0,1,0,0,0,0,0,0,0,0,0,0,4.727,0.849,-0.198,-0.401,0
233,0.374,6.723,0.09,0,1,0,1,0,1,0,0,0,0,0,0,0,0,0,0,4.727,0.978,-0.208,-0.436,0
234,0.374,6.723,0.09,0,1,0,1,0,1,0,0,0,0,0,0,0,0,0,0,4.727,0.973,-0.204,-0.43,0
235,0.374,6.723,0.09,0,1,0,1,0,1,0,0,0,0,0,0,0,0,0,0,4.727,0.926,-0.162,-0.384,70
236,0.374,6.723,0.09,0,1,0,1,0,1,0,0,0,0,0,0,0,0,0,0,5.305,0.973,-0.21,-0.439,0
237,0.374,6.723,0.09,0,1,0,1,0,1,0,0,0,0,0,0,0,0,0,0,5.305,0.849,-0.198,-0.401,0
238,0.374,6.723,0.09,0,1,0,1,0,1,0,0,0,0,0,0,0,0,0,0,5.305,0.978,-0.208,-0.436,0
239,0.374,6.723,0.09,0,1,0,1,0,1,0,0,0,0,0,0,0,0,0,0,5.305,0.973,-0.204,-0.43,0
240,0.374,6.723,0.09,0,1,0,1,0,1,0,0,0,0,0,0,0,0,0,0,5.305,0.926,-0.162,-0.384,70
241,0.209,7.551,0.13,0,1,0,1,0,1,0,0,0,0,0,0,0,0,0,0,7.397,0.973,-0.21,-0.439,0
242,0.209,7.551,0.13,0,1,0,1,0,1,0,0,0,0,0,0,0,0,0,0,7.397,0.849,-0.198,-0.401,1
243,0.209,7.551,0.13,0,1,0,1,0,1,0,0,0,0,0,0,0,0,0,0,7.397,0.978,-0.208,-0.436,3
244,0.209,7.551,0.13,0,1,0,1,0,1,0,0,0,0,0,0,0,0,0,0,7.397,0.973,-0.204,-0.43,7
245,0.209,7.551,0.13,0,1,0,1,0,1,0,0,0,0,0,0,0,0,0,0,7.397,0.926,-0.162,-0.384,91
246,0.209,7.551,0.13,0,1,0,1,0,1,0,0,0,0,0,0,0,0,0,0,6.069,0.973,-0.21,-0.439,2
247,0.209,7.551,0.13,0,1,0,1,0,1,0,0,0,0,0,0,0,0,0,0,6.069,0.849,-0.198,-0.401,3
248,0.209,7.551,0.13,0,1,0,1,0,1,0,0,0,0,0,0,0,0,0,0,6.069,0.978,-0.208,-0.436,7
249,0.209,7.551,0.13,0,1,0,1,0,1,0,0,0,0,0,0,0,0,0,0,6.069,0.973,-0.204,-0.43,14
250,0.209,7.551,0.13,0,1,0,1,0,1,0,0,0,0,0,0,0,0,0,0,6.069,0.926,-0.162,-0.384,105
251,0.209,7.551,0.13,0,1,0,1,0,1,0,0,0,0,0,0,0,0,0,0,4.727,0.973,-0.21,-0.439,2
252,0.209,7.551,0.13,0,1,0,1,0,1,0,0,0,0,0,0,0,0,0,0,4.727,0.849,-0.198,-0.401,2
253,0.209,7.551,0.13,0,1,0,1,0,1,0,0,0,0,0,0,0,0,0,0,4.727,0.978,-0.208,-0.436,6
254,0.209,7.551,0.13,0,1,0,1,0,1,0,0,0,0,0,0,0,0,0,0,4.727,0.973,-0.204,-0.43,12
255,0.209,7.551,0.13,0,1,0,1,0,1,0,0,0,0,0,0,0,0,0,0,4.727,0.926,-0.162,-0.384,97
256,0.209,7.551,0.13,0,1,0,1,0,1,0,0,0,0,0,0,0,0,0,0,5.305,0.973,-0.21,-0.439,8
257,0.209,7.551,0.13,0,1,0,1,0,1,0,0,0,0,0,0,0,0,0,0,5.305,0.849,-0.198,-0.401,5
258,0.209,7.551,0.13,0,1,0,1,0,1,0,0,0,0,0,0,0,0,0,0,5.305,0.978,-0.208,-0.436,23
259,0.209,7.551,0.13,0,1,0,1,0,1,0,0,0,0,0,0,0,0,0,0,5.305,0.973,-0.204,-0.43,30
260,0.209,7.551,0.13,0,1,0,1,0,1,0,0,0,0,0,0,0,0,0,0,5.305,0.926,-0.162,-0.384,106
261,0.319,6.271,0.17,0,1,0,1,0,0,1,0,0,0,0,0,0,0,0,0,7.397,0.973,-0.21,-0.439,1
262,0.319,6.271,0.17,0,1,0,1,0,0,1,0,0,0,0,0,0,0,0,0,7.397,0.849,-0.198,-0.401,1
263,0.319,6.271,0.17,0,1,0,1,0,0,1,0,0,0,0,0,0,0,0,0,7.397,0.978,-0.208,-0.436,5
264,0.319,6.271,0.17,0,1,0,1,0,0,1,0,0,0,0,0,0,0,0,0,7.397,0.973,-0.204,-0.43,12
265,0.319,6.271,0.17,0,1,0,1,0,0,1,0,0,0,0,0,0,0,0,0,7.397,0.926,-0.162,-0.384,40
266,0.319,6.271,0.17,0,1,0,1,0,0,1,0,0,0,0,0,0,0,0,0,6.069,0.973,-0.21,-0.439,2
267,0.319,6.271,0.17,0,1,0,1,0,0,1,0,0,0,0,0,0,0,0,0,6.069,0.849,-0.198,-0.401,3
268,0.319,6.271,0.17,0,1,0,1,0,0,1,0,0,0,0,0,0,0,0,0,6.069,0.978,-0.208,-0.436,6
269,0.319,6.271,0.17,0,1,0,1,0,0,1,0,0,0,0,0,0,0,0,0,6.069,0.973,-0.204,-0.43,12
270,0.319,6.271,0.17,0,1,0,1,0,0,1,0,0,0,0,0,0,0,0,0,6.069,0.926,-0.162,-0.384,48
271,0.319,6.271,0.17,0,1,0,1,0,0,1,0,0,0,0,0,0,0,0,0,4.727,0.973,-0.21,-0.439,2
272,0.319,6.271,0.17,0,1,0,1,0,0,1,0,0,0,0,0,0,0,0,0,4.727,0.849,-0.198,-0.401,2
273,0.319,6.271,0.17,0,1,0,1,0,0,1,0,0,0,0,0,0,0,0,0,4.727,0.978,-0.208,-0.436,5
274,0.319,6.271,0.17,0,1,0,1,0,0,1,0,0,0,0,0,0,0,0,0,4.727,0.973,-0.204,-0.43,11
275,0.319,6.271,0.17,0,1,0,1,0,0,1,0,0,0,0,0,0,0,0,0,4.727,0.926,-0.162,-0.384,50
276,0.319,6.271,0.17,0,1,0,1,0,0,1,0,0,0,0,0,0,0,0,0,5.305,0.973,-0.21,-0.439,2
277,0.319,6.271,0.17,0,1,0,1,0,0,1,0,0,0,0,0,0,0,0,0,5.305,0.849,-0.198,-0.401,2
278,0.319,6.271,0.17,0,1,0,1,0,0,1,0,0,0,0,0,0,0,0,0,5.305,0.978,-0.208,-0.436,9
279,0.319,6.271,0.17,0,1,0,1,0,0,1,0,0,0,0,0,0,0,0,0,5.305,0.973,-0.204,-0.43,11
280,0.319,6.271,0.17,0,1,0,1,0,0,1,0,0,0,0,0,0,0,0,0,5.305,0.926,-0.162,-0.384,45
281,0.484,6.725,0.17,0,1,0,1,0,0,1,0,0,0,0,0,0,0,0,0,7.397,0.973,-0.21,-0.439,4
282,0.484,6.725,0.17,0,1,0,1,0,0,1,0,0,0,0,0,0,0,0,0,7.397,0.849,-0.198,-0.401,6
283,0.484,6.725,0.17,0,1,0,1,0,0,1,0,0,0,0,0,0,0,0,0,7.397,0.978,-0.208,-0.436,7
284,0.484,6.725,0.17,0,1,0,1,0,0,1,0,0,0,0,0,0,0,0,0,7.397,0.973,-0.204,-0.43,7
285,0.484,6.725,0.17,0,1,0,1,0,0,1,0,0,0,0,0,0,0,0,0,7.397,0.926,-0.162,-0.384,8
286,0.484,6.725,0.17,0,1,0,1,0,0,1,0,0,0,0,0,0,0,0,0,6.069,0.973,-0.21,-0.439,5
287,0.484,6.725,0.17,0,1,0,1,0,0,1,0,0,0,0,0,0,0,0,0,6.069,0.849,-0.198,-0.401,7
288,0.484,6.725,0.17,0,1,0,1,0,0,1,0,0,0,0,0,0,0,0,0,6.069,0.978,-0.208,-0.436,9
289,0.484,6.725,0.17,0,1,0,1,0,0,1,0,0,0,0,0,0,0,0,0,6.069,0.973,-0.204,-0.43,7
290,0.484,6.725,0.17,0,1,0,1,0,0,1,0,0,0,0,0,0,0,0,0,6.069,0.926,-0.162,-0.384,11
291,0.484,6.725,0.17,0,1,0,1,0,0,1,0,0,0,0,0,0,0,0,0,4.727,0.973,-0.21,-0.439,1
292,0.484,6.725,0.17,0,1,0,1,0,0,1,0,0,0,0,0,0,0,0,0,4.727,0.849,-0.198,-0.401,4
293,0.484,6.725,0.17,0,1,0,1,0,0,1,0,0,0,0,0,0,0,0,0,4.727,0.978,-0.208,-0.436,6
294,0.484,6.725,0.17,0,1,0,1,0,0,1,0,0,0,0,0,0,0,0,0,4.727,0.973,-0.204,-0.43,6
295,0.484,6.725,0.17,0,1,0,1,0,0,1,0,0,0,0,0,0,0,0,0,4.727,0.926,-0.162,-0.384,12
296,0.484,6.725,0.17,0,1,0,1,0,0,1,0,0,0,0,0,0,0,0,0,5.305,0.973,-0.21,-0.439,2
297,0.484,6.725,0.17,0,1,0,1,0,0,1,0,0,0,0,0,0,0,0,0,5.305,0.849,-0.198,-0.401,3
298,0.484,6.725,0.17,0,1,0,1,0,0,1,0,0,0,0,0,0,0,0,0,5.305,0.978,-0.208,-0.436,6
299,0.484,6.725,0.17,0,1,0,1,0,0,1,0,0,0,0,0,0,0,0,0,5.305,0.973,-0.204,-0.43,5
300,0.484,6.725,0.17,0,1,0,1,0,0,1,0,0,0,0,0,0,0,0,0,5.305,0.926,-0.162,-0.384,13
301,0.446,6.44,0.09,0,1,0,1,0,0,1,1,0,0,0,0,0,0,0,0,7.397,0.973,-0.21,-0.439,17
302,0.446,6.44,0.09,0,1,0,1,0,0,1,1,0,0,0,0,0,0,0,0,7.397,0.849,-0.198,-0.401,35
303,0.446,6.44,0.09,0,1,0,1,0,0,1,1,0,0,0,0,0,0,0,0,7.397,0.978,-0.208,-0.436,38
304,0.446,6.44,0.09,0,1,0,1,0,0,1,1,0,0,0,0,0,0,0,0,7.397,0.973,-0.204,-0.43,40
305,0.446,6.44,0.09,0,1,0,1,0,0,1,1,0,0,0,0,0,0,0,0,7.397,0.926,-0.162,-0.384,23
306,0.446,6.44,0.09,0,1,0,1,0,0,1,1,0,0,0,0,0,0,0,0,6.069,0.973,-0.21,-0.439,18
307,0.446,6.44,0.09,0,1,0,1,0,0,1,1,0,0,0,0,0,0,0,0,6.069,0.849,-0.198,-0.401,26
308,0.446,6.44,0.09,0,1,0,1,0,0,1,1,0,0,0,0,0,0,0,0,6.069,0.978,-0.208,-0.436,39
309,0.446,6.44,0.09,0,1,0,1,0,0,1,1,0,0,0,0,0,0,0,0,6.069,0.973,-0.204,-0.43,41
310,0.446,6.44,0.09,0,1,0,1,0,0,1,1,0,0,0,0,0,0,0,0,6.069,0.926,-0.162,-0.384,44
311,0.446,6.44,0.09,0,1,0,1,0,0,1,1,0,0,0,0,0,0,0,0,4.727,0.973,-0.21,-0.439,1
312,0.446,6.44,0.09,0,1,0,1,0,0,1,1,0,0,0,0,0,0,0,0,4.727,0.849,-0.198,-0.401,20
313,0.446,6.44,0.09,0,1,0,1,0,0,1,1,0,0,0,0,0,0,0,0,4.727,0.978,-0.208,-0.436,26
314,0.446,6.44,0.09,0,1,0,1,0,0,1,1,0,0,0,0,0,0,0,0,4.727,0.973,-0.204,-0.43,38
315,0.446,6.44,0.09,0,1,0,1,0,0,1,1,0,0,0,0,0,0,0,0,4.727,0.926,-0.162,-0.384,52
316,0.446,6.44,0.09,0,1,0,1,0,0,1,1,0,0,0,0,0,0,0,0,5.305,0.973,-0.21,-0.439,11
317,0.446,6.44,0.09,0,1,0,1,0,0,1,1,0,0,0,0,0,0,0,0,5.305,0.849,-0.198,-0.401,24
318,0.446,6.44,0.09,0,1,0,1,0,0,1,1,0,0,0,0,0,0,0,0,5.305,0.978,-0.208,-0.436,32
319,0.446,6.44,0.09,0,1,0,1,0,0,1,1,0,0,0,0,0,0,0,0,5.305,0.973,-0.204,-0.43,28
320,0.446,6.44,0.09,0,1,0,1,0,0,1,1,0,0,0,0,0,0,0,0,5.305,0.926,-0.162,-0.384,50
321,-0.061,13.702,0.13,1,0,0,0,0,0,0,0,1,0,0,0,0,0,0,0,7.397,0.973,-0.21,-0.439,11
322,-0.061,13.702,0.13,1,0,0,0,0,0,0,0,1,0,0,0,0,0,0,0,7.397,0.849,-0.198,-0.401,12
323,-0.061,13.702,0.13,1,0,0,0,0,0,0,0,1,0,0,0,0,0,0,0,7.397,0.978,-0.208,-0.436,17
324,-0.061,13.702,0.13,1,0,0,0,0,0,0,0,1,0,0,0,0,0,0,0,7.397,0.973,-0.204,-0.43,21
325,-0.061,13.702,0.13,1,0,0,0,0,0,0,0,1,0,0,0,0,0,0,0,7.397,0.926,-0.162,-0.384,23
326,-0.061,13.702,0.13,1,0,0,0,0,0,0,0,1,0,0,0,0,0,0,0,6.069,0.973,-0.21,-0.439,36
327,-0.061,13.702,0.13,1,0,0,0,0,0,0,0,1,0,0,0,0,0,0,0,6.069,0.849,-0.198,-0.401,26
328,-0.061,13.702,0.13,1,0,0,0,0,0,0,0,1,0,0,0,0,0,0,0,6.069,0.978,-0.208,-0.436,36
329,-0.061,13.702,0.13,1,0,0,0,0,0,0,0,1,0,0,0,0,0,0,0,6.069,0.973,-0.204,-0.43,41
330,-0.061,13.702,0.13,1,0,0,0,0,0,0,0,1,0,0,0,0,0,0,0,6.069,0.926,-0.162,-0.384,37
331,-0.061,13.702,0.13,1,0,0,0,0,0,0,0,1,0,0,0,0,0,0,0,4.727,0.973,-0.21,-0.439,83
332,-0.061,13.702,0.13,1,0,0,0,0,0,0,0,1,0,0,0,0,0,0,0,4.727,0.849,-0.198,-0.401,57
333,-0.061,13.702,0.13,1,0,0,0,0,0,0,0,1,0,0,0,0,0,0,0,4.727,0.978,-0.208,-0.436,83
334,-0.061,13.702,0.13,1,0,0,0,0,0,0,0,1,0,0,0,0,0,0,0,4.727,0.973,-0.204,-0.43,83
335,-0.061,13.702,0.13,1,0,0,0,0,0,0,0,1,0,0,0,0,0,0,0,4.727,0.926,-0.162,-0.384,48
336,-0.061,13.702,0.13,1,0,0,0,0,0,0,0,1,0,0,0,0,0,0,0,5.305,0.973,-0.21,-0.439,92
337,-0.061,13.702,0.13,1,0,0,0,0,0,0,0,1,0,0,0,0,0,0,0,5.305,0.849,-0.198,-0.401,77
338,-0.061,13.702,0.13,1,0,0,0,0,0,0,0,1,0,0,0,0,0,0,0,5.305,0.978,-0.208,-0.436,99
339,-0.061,13.702,0.13,1,0,0,0,0,0,0,0,1,0,0,0,0,0,0,0,5.305,0.973,-0.204,-0.43,91
340,-0.061,13.702,0.13,1,0,0,0,0,0,0,0,1,0,0,0,0,0,0,0,5.305,0.926,-0.162,-0.384,68
341,-0.112,13.83,0.14,1,0,0,0,0,0,0,0,1,0,0,0,0,0,0,0,7.397,0.973,-0.21,-0.439,18
342,-0.112,13.83,0.14,1,0,0,0,0,0,0,0,1,0,0,0,0,0,0,0,7.397,0.849,-0.198,-0.401,17
343,-0.112,13.83,0.14,1,0,0,0,0,0,0,0,1,0,0,0,0,0,0,0,7.397,0.978,-0.208,-0.436,9
344,-0.112,13.83,0.14,1,0,0,0,0,0,0,0,1,0,0,0,0,0,0,0,7.397,0.973,-0.204,-0.43,28
345,-0.112,13.83,0.14,1,0,0,0,0,0,0,0,1,0,0,0,0,0,0,0,7.397,0.926,-0.162,-0.384,29
346,-0.112,13.83,0.14,1,0,0,0,0,0,0,0,1,0,0,0,0,0,0,0,6.069,0.973,-0.21,-0.439,36
347,-0.112,13.83,0.14,1,0,0,0,0,0,0,0,1,0,0,0,0,0,0,0,6.069,0.849,-0.198,-0.401,41
348,-0.112,13.83,0.14,1,0,0,0,0,0,0,0,1,0,0,0,0,0,0,0,6.069,0.978,-0.208,-0.436,38
349,-0.112,13.83,0.14,1,0,0,0,0,0,0,0,1,0,0,0,0,0,0,0,6.069,0.973,-0.204,-0.43,42
350,-0.112,13.83,0.14,1,0,0,0,0,0,0,0,1,0,0,0,0,0,0,0,6.069,0.926,-0.162,-0.384,44
351,-0.112,13.83,0.14,1,0,0,0,0,0,0,0,1,0,0,0,0,0,0,0,4.727,0.973,-0.21,-0.439,79
352,-0.112,13.83,0.14,1,0,0,0,0,0,0,0,1,0,0,0,0,0,0,0,4.727,0.849,-0.198,-0.401,74
353,-0.112,13.83,0.14,1,0,0,0,0,0,0,0,1,0,0,0,0,0,0,0,4.727,0.978,-0.208,-0.436,85
354,-0.112,13.83,0.14,1,0,0,0,0,0,0,0,1,0,0,0,0,0,0,0,4.727,0.973,-0.204,-0.43,84
355,-0.112,13.83,0.14,1,0,0,0,0,0,0,0,1,0,0,0,0,0,0,0,4.727,0.926,-0.162,-0.384,66
356,-0.112,13.83,0.14,1,0,0,0,0,0,0,0,1,0,0,0,0,0,0,0,5.305,0.973,-0.21,-0.439,90
357,-0.112,13.83,0.14,1,0,0,0,0,0,0,0,1,0,0,0,0,0,0,0,5.305,0.849,-0.198,-0.401,85
358,-0.112,13.83,0.14,1,0,0,0,0,0,0,0,1,0,0,0,0,0,0,0,5.305,0.978,-0.208,-0.436,97
359,-0.112,13.83,0.14,1,0,0,0,0,0,0,0,1,0,0,0,0,0,0,0,5.305,0.973,-0.204,-0.43,89
360,-0.112,13.83,0.14,1,0,0,0,0,0,0,0,1,0,0,0,0,0,0,0,5.305,0.926,-0.162,-0.384,68
361,0.104,12.866,0.13,1,0,0,0,0,0,0,0,1,0,0,0,0,0,0,0,7.397,0.973,-0.21,-0.439,33
362,0.104,12.866,0.13,1,0,0,0,0,0,0,0,1,0,0,0,0,0,0,0,7.397,0.849,-0.198,-0.401,8
363,0.104,12.866,0.13,1,0,0,0,0,0,0,0,1,0,0,0,0,0,0,0,7.397,0.978,-0.208,-0.436,36
364,0.104,12.866,0.13,1,0,0,0,0,0,0,0,1,0,0,0,0,0,0,0,7.397,0.973,-0.204,-0.43,37
365,0.104,12.866,0.13,1,0,0,0,0,0,0,0,1,0,0,0,0,0,0,0,7.397,0.926,-0.162,-0.384,33
366,0.104,12.866,0.13,1,0,0,0,0,0,0,0,1,0,0,0,0,0,0,0,6.069,0.973,-0.21,-0.439,38
367,0.104,12.866,0.13,1,0,0,0,0,0,0,0,1,0,0,0,0,0,0,0,6.069,0.849,-0.198,-0.401,9
368,0.104,12.866,0.13,1,0,0,0,0,0,0,0,1,0,0,0,0,0,0,0,6.069,0.978,-0.208,-0.436,38
369,0.104,12.866,0.13,1,0,0,0,0,0,0,0,1,0,0,0,0,0,0,0,6.069,0.973,-0.204,-0.43,40
370,0.104,12.866,0.13,1,0,0,0,0,0,0,0,1,0,0,0,0,0,0,0,6.069,0.926,-0.162,-0.384,39
371,0.104,12.866,0.13,1,0,0,0,0,0,0,0,1,0,0,0,0,0,0,0,4.727,0.973,-0.21,-0.439,45
372,0.104,12.866,0.13,1,0,0,0,0,0,0,0,1,0,0,0,0,0,0,0,4.727,0.849,-0.198,-0.401,7
373,0.104,12.866,0.13,1,0,0,0,0,0,0,0,1,0,0,0,0,0,0,0,4.727,0.978,-0.208,-0.436,44
374,0.104,12.866,0.13,1,0,0,0,0,0,0,0,1,0,0,0,0,0,0,0,4.727,0.973,-0.204,-0.43,49
375,0.104,12.866,0.13,1,0,0,0,0,0,0,0,1,0,0,0,0,0,0,0,4.727,0.926,-0.162,-0.384,39
376,0.104,12.866,0.13,1,0,0,0,0,0,0,0,1,0,0,0,0,0,0,0,5.305,0.973,-0.21,-0.439,47
377,0.104,12.866,0.13,1,0,0,0,0,0,0,0,1,0,0,0,0,0,0,0,5.305,0.849,-0.198,-0.401,5
378,0.104,12.866,0.13,1,0,0,0,0,0,0,0,1,0,0,0,0,0,0,0,5.305,0.978,-0.208,-0.436,44
379,0.104,12.866,0.13,1,0,0,0,0,0,0,0,1,0,0,0,0,0,0,0,5.305,0.973,-0.204,-0.43,48
380,0.104,12.866,0.13,1,0,0,0,0,0,0,0,1,0,0,0,0,0,0,0,5.305,0.926,-0.162,-0.384,47
381,0.156,16.405,0.11,1,0,0,0,0,0,0,0,1,0,0,0,0,0,0,0,7.397,0.973,-0.21,-0.439,38
382,0.156,16.405,0.11,1,0,0,0,0,0,0,0,1,0,0,0,0,0,0,0,7.397,0.849,-0.198,-0.401,30
383,0.156,16.405,0.11,1,0,0,0,0,0,0,0,1,0,0,0,0,0,0,0,7.397,0.978,-0.208,-0.436,43
384,0.156,16.405,0.11,1,0,0,0,0,0,0,0,1,0,0,0,0,0,0,0,7.397,0.973,-0.204,-0.43,46
385,0.156,16.405,0.11,1,0,0,0,0,0,0,0,1,0,0,0,0,0,0,0,7.397,0.926,-0.162,-0.384,47
386,0.156,16.405,0.11,1,0,0,0,0,0,0,0,1,0,0,0,0,0,0,0,6.069,0.973,-0.21,-0.439,59
387,0.156,16.405,0.11,1,0,0,0,0,0,0,0,1,0,0,0,0,0,0,0,6.069,0.849,-0.198,-0.401,41
388,0.156,16.405,0.11,1,0,0,0,0,0,0,0,1,0,0,0,0,0,0,0,6.069,0.978,-0.208,-0.436,58
389,0.156,16.405,0.11,1,0,0,0,0,0,0,0,1,0,0,0,0,0,0,0,6.069,0.973,-0.204,-0.43,55
390,0.156,16.405,0.11,1,0,0,0,0,0,0,0,1,0,0,0,0,0,0,0,6.069,0.926,-0.162,-0.384,55
391,0.156,16.405,0.11,1,0,0,0,0,0,0,0,1,0,0,0,0,0,0,0,4.727,0.973,-0.21,-0.439,62
392,0.156,16.405,0.11,1,0,0,0,0,0,0,0,1,0,0,0,0,0,0,0,4.727,0.849,-0.198,-0.401,37
393,0.156,16.405,0.11,1,0,0,0,0,0,0,0,1,0,0,0,0,0,0,0,4.727,0.978,-0.208,-0.436,59
394,0.156,16.405,0.11,1,0,0,0,0,0,0,0,1,0,0,0,0,0,0,0,4.727,0.973,-0.204,-0.43,59
395,0.156,16.405,0.11,1,0,0,0,0,0,0,0,1,0,0,0,0,0,0,0,4.727,0.926,-0.162,-0.384,52
396,0.156,16.405,0.11,1,0,0,0,0,0,0,0,1,0,0,0,0,0,0,0,5.305,0.973,-0.21,-0.439,66
397,0.156,16.405,0.11,1,0,0,0,0,0,0,0,1,0,0,0,0,0,0,0,5.305,0.849,-0.198,-0.401,34
398,0.156,16.405,0.11,1,0,0,0,0,0,0,0,1,0,0,0,0,0,0,0,5.305,0.978,-0.208,-0.436,65
399,0.156,16.405,0.11,1,0,0,0,0,0,0,0,1,0,0,0,0,0,0,0,5.305,0.973,-0.204,-0.43,60
400,0.156,16.405,0.11,1,0,0,0,0,0,0,0,1,0,0,0,0,0,0,0,5.305,0.926,-0.162,-0.384,57
401,0.535,5.04,0.16,0,1,0,0,0,0,0,0,1,0,0,0,0,0,0,0,7.397,0.973,-0.21,-0.439,28
402,0.535,5.04,0.16,0,1,0,0,0,0,0,0,1,0,0,0,0,0,0,0,7.397,0.849,-0.198,-0.401,29
403,0.535,5.04,0.16,0,1,0,0,0,0,0,0,1,0,0,0,0,0,0,0,7.397,0.978,-0.208,-0.436,40
404,0.535,5.04,0.16,0,1,0,0,0,0,0,0,1,0,0,0,0,0,0,0,7.397,0.973,-0.204,-0.43,38
405,0.535,5.04,0.16,0,1,0,0,0,0,0,0,1,0,0,0,0,0,0,0,7.397,0.926,-0.162,-0.384,25
406,0.535,5.04,0.16,0,1,0,0,0,0,0,0,1,0,0,0,0,0,0,0,6.069,0.973,-0.21,-0.439,38
407,0.535,5.04,0.16,0,1,0,0,0,0,0,0,1,0,0,0,0,0,0,0,6.069,0.849,-0.198,-0.401,34
408,0.535,5.04,0.16,0,1,0,0,0,0,0,0,1,0,0,0,0,0,0,0,6.069,0.978,-0.208,-0.436,47
409,0.535,5.04,0.16,0,1,0,0,0,0,0,0,1,0,0,0,0,0,0,0,6.069,0.973,-0.204,-0.43,46
410,0.535,5.04,0.16,0,1,0,0,0,0,0,0,1,0,0,0,0,0,0,0,6.069,0.926,-0.162,-0.384,18
411,0.535,5.04,0.16,0,1,0,0,0,0,0,0,1,0,0,0,0,0,0,0,4.727,0.973,-0.21,-0.439,49
412,0.535,5.04,0.16,0,1,0,0,0,0,0,0,1,0,0,0,0,0,0,0,4.727,0.849,-0.198,-0.401,31
413,0.535,5.04,0.16,0,1,0,0,0,0,0,0,1,0,0,0,0,0,0,0,4.727,0.978,-0.208,-0.436,57
414,0.535,5.04,0.16,0,1,0,0,0,0,0,0,1,0,0,0,0,0,0,0,4.727,0.973,-0.204,-0.43,52
415,0.535,5.04,0.16,0,1,0,0,0,0,0,0,1,0,0,0,0,0,0,0,4.727,0.926,-0.162,-0.384,18
416,0.535,5.04,0.16,0,1,0,0,0,0,0,0,1,0,0,0,0,0,0,0,5.305,0.973,-0.21,-0.439,41
417,0.535,5.04,0.16,0,1,0,0,0,0,0,0,1,0,0,0,0,0,0,0,5.305,0.849,-0.198,-0.401,24
418,0.535,5.04,0.16,0,1,0,0,0,0,0,0,1,0,0,0,0,0,0,0,5.305,0.978,-0.208,-0.436,52
419,0.535,5.04,0.16,0,1,0,0,0,0,0,0,1,0,0,0,0,0,0,0,5.305,0.973,-0.204,-0.43,42
420,0.535,5.04,0.16,0,1,0,0,0,0,0,0,1,0,0,0,0,0,0,0,5.305,0.926,-0.162,-0.384,9
421,0.019,4.72,0.1,0,1,0,0,0,0,0,0,1,0,0,0,0,0,0,1,7.397,0.973,-0.21,-0.439,23
422,0.019,4.72,0.1,0,1,0,0,0,0,0,0,1,0,0,0,0,0,0,1,7.397,0.849,-0.198,-0.401,42
423,0.019,4.72,0.1,0,1,0,0,0,0,0,0,1,0,0,0,0,0,0,1,7.397,0.978,-0.208,-0.436,19
424,0.019,4.72,0.1,0,1,0,0,0,0,0,0,1,0,0,0,0,0,0,1,7.397,0.973,-0.204,-0.43,34
425,0.019,4.72,0.1,0,1,0,0,0,0,0,0,1,0,0,0,0,0,0,1,7.397,0.926,-0.162,-0.384,35
426,0.019,4.72,0.1,0,1,0,0,0,0,0,0,1,0,0,0,0,0,0,1,6.069,0.973,-0.21,-0.439,48
427,0.019,4.72,0.1,0,1,0,0,0,0,0,0,1,0,0,0,0,0,0,1,6.069,0.849,-0.198,-0.401,59
428,0.019,4.72,0.1,0,1,0,0,0,0,0,0,1,0,0,0,0,0,0,1,6.069,0.978,-0.208,-0.436,60
429,0.019,4.72,0.1,0,1,0,0,0,0,0,0,1,0,0,0,0,0,0,1,6.069,0.973,-0.204,-0.43,63
430,0.019,4.72,0.1,0,1,0,0,0,0,0,0,1,0,0,0,0,0,0,1,6.069,0.926,-0.162,-0.384,63
431,0.019,4.72,0.1,0,1,0,0,0,0,0,0,1,0,0,0,0,0,0,1,4.727,0.973,-0.21,-0.439,10
432,0.019,4.72,0.1,0,1,0,0,0,0,0,0,1,0,0,0,0,0,0,1,4.727,0.849,-0.198,-0.401,36
433,0.019,4.72,0.1,0,1,0,0,0,0,0,0,1,0,0,0,0,0,0,1,4.727,0.978,-0.208,-0.436,41
434,0.019,4.72,0.1,0,1,0,0,0,0,0,0,1,0,0,0,0,0,0,1,4.727,0.973,-0.204,-0.43,58
435,0.019,4.72,0.1,0,1,0,0,0,0,0,0,1,0,0,0,0,0,0,1,4.727,0.926,-0.162,-0.384,65
436,0.019,4.72,0.1,0,1,0,0,0,0,0,0,1,0,0,0,0,0,0,1,5.305,0.973,-0.21,-0.439,18
437,0.019,4.72,0.1,0,1,0,0,0,0,0,0,1,0,0,0,0,0,0,1,5.305,0.849,-0.198,-0.401,43
438,0.019,4.72,0.1,0,1,0,0,0,0,0,0,1,0,0,0,0,0,0,1,5.305,0.978,-0.208,-0.436,55
439,0.019,4.72,0.1,0,1,0,0,0,0,0,0,1,0,0,0,0,0,0,1,5.305,0.973,-0.204,-0.43,35
440,0.019,4.72,0.1,0,1,0,0,0,0,0,0,1,0,0,0,0,0,0,1,5.305,0.926,-0.162,-0.384,82
441,0.253,13.932,0.1,1,0,0,0,0,0,0,0,0,1,0,0,0,0,0,0,7.397,0.973,-0.21,-0.439,6
442,0.253,13.932,0.1,1,0,0,0,0,0,0,0,0,1,0,0,0,0,0,0,7.397,0.849,-0.198,-0.401,6
443,0.253,13.932,0.1,1,0,0,0,0,0,0,0,0,1,0,0,0,0,0,0,7.397,0.978,-0.208,-0.436,8
444,0.253,13.932,0.1,1,0,0,0,0,0,0,0,0,1,0,0,0,0,0,0,7.397,0.973,-0.204,-0.43,11
445,0.253,13.932,0.1,1,0,0,0,0,0,0,0,0,1,0,0,0,0,0,0,7.397,0.926,-0.162,-0.384,15
446,0.253,13.932,0.1,1,0,0,0,0,0,0,0,0,1,0,0,0,0,0,0,6.069,0.973,-0.21,-0.439,21
447,0.253,13.932,0.1,1,0,0,0,0,0,0,0,0,1,0,0,0,0,0,0,6.069,0.849,-0.198,-0.401,16
448,0.253,13.932,0.1,1,0,0,0,0,0,0,0,0,1,0,0,0,0,0,0,6.069,0.978,-0.208,-0.436,23
449,0.253,13.932,0.1,1,0,0,0,0,0,0,0,0,1,0,0,0,0,0,0,6.069,0.973,-0.204,-0.43,22
450,0.253,13.932,0.1,1,0,0,0,0,0,0,0,0,1,0,0,0,0,0,0,6.069,0.926,-0.162,-0.384,25
451,0.253,13.932,0.1,1,0,0,0,0,0,0,0,0,1,0,0,0,0,0,0,4.727,0.973,-0.21,-0.439,33
452,0.253,13.932,0.1,1,0,0,0,0,0,0,0,0,1,0,0,0,0,0,0,4.727,0.849,-0.198,-0.401,24
453,0.253,13.932,0.1,1,0,0,0,0,0,0,0,0,1,0,0,0,0,0,0,4.727,0.978,-0.208,-0.436,34
454,0.253,13.932,0.1,1,0,0,0,0,0,0,0,0,1,0,0,0,0,0,0,4.727,0.973,-0.204,-0.43,28
455,0.253,13.932,0.1,1,0,0,0,0,0,0,0,0,1,0,0,0,0,0,0,4.727,0.926,-0.162,-0.384,25
456,0.253,13.932,0.1,1,0,0,0,0,0,0,0,0,1,0,0,0,0,0,0,5.305,0.973,-0.21,-0.439,52
457,0.253,13.932,0.1,1,0,0,0,0,0,0,0,0,1,0,0,0,0,0,0,5.305,0.849,-0.198,-0.401,36
458,0.253,13.932,0.1,1,0,0,0,0,0,0,0,0,1,0,0,0,0,0,0,5.305,0.978,-0.208,-0.436,52
459,0.253,13.932,0.1,1,0,0,0,0,0,0,0,0,1,0,0,0,0,0,0,5.305,0.973,-0.204,-0.43,39
460,0.253,13.932,0.1,1,0,0,0,0,0,0,0,0,1,0,0,0,0,0,0,5.305,0.926,-0.162,-0.384,32
461,0.515,5.614,0.12,0,1,0,0,0,0,0,0,0,1,0,0,0,0,0,0,7.397,0.973,-0.21,-0.439,22
462,0.515,5.614,0.12,0,1,0,0,0,0,0,0,0,1,0,0,0,0,0,0,7.397,0.849,-0.198,-0.401,12
463,0.515,5.614,0.12,0,1,0,0,0,0,0,0,0,1,0,0,0,0,0,0,7.397,0.978,-0.208,-0.436,23
464,0.515,5.614,0.12,0,1,0,0,0,0,0,0,0,1,0,0,0,0,0,0,7.397,0.973,-0.204,-0.43,22
465,0.515,5.614,0.12,0,1,0,0,0,0,0,0,0,1,0,0,0,0,0,0,7.397,0.926,-0.162,-0.384,13
466,0.515,5.614,0.12,0,1,0,0,0,0,0,0,0,1,0,0,0,0,0,0,6.069,0.973,-0.21,-0.439,30
467,0.515,5.614,0.12,0,1,0,0,0,0,0,0,0,1,0,0,0,0,0,0,6.069,0.849,-0.198,-0.401,13
468,0.515,5.614,0.12,0,1,0,0,0,0,0,0,0,1,0,0,0,0,0,0,6.069,0.978,-0.208,-0.436,32
469,0.515,5.614,0.12,0,1,0,0,0,0,0,0,0,1,0,0,0,0,0,0,6.069,0.973,-0.204,-0.43,27
470,0.515,5.614,0.12,0,1,0,0,0,0,0,0,0,1,0,0,0,0,0,0,6.069,0.926,-0.162,-0.384,15
471,0.515,5.614,0.12,0,1,0,0,0,0,0,0,0,1,0,0,0,0,0,0,4.727,0.973,-0.21,-0.439,30
472,0.515,5.614,0.12,0,1,0,0,0,0,0,0,0,1,0,0,0,0,0,0,4.727,0.849,-0.198,-0.401,9
473,0.515,5.614,0.12,0,1,0,0,0,0,0,0,0,1,0,0,0,0,0,0,4.727,0.978,-0.208,-0.436,32
474,0.515,5.614,0.12,0,1,0,0,0,0,0,0,0,1,0,0,0,0,0,0,4.727,0.973,-0.204,-0.43,28
475,0.515,5.614,0.12,0,1,0,0,0,0,0,0,0,1,0,0,0,0,0,0,4.727,0.926,-0.162,-0.384,13
476,0.515,5.614,0.12,0,1,0,0,0,0,0,0,0,1,0,0,0,0,0,0,5.305,0.973,-0.21,-0.439,28
477,0.515,5.614,0.12,0,1,0,0,0,0,0,0,0,1,0,0,0,0,0,0,5.305,0.849,-0.198,-0.401,9
478,0.515,5.614,0.12,0,1,0,0,0,0,0,0,0,1,0,0,0,0,0,0,5.305,0.978,-0.208,-0.436,36
479,0.515,5.614,0.12,0,1,0,0,0,0,0,0,0,1,0,0,0,0,0,0,5.305,0.973,-0.204,-0.43,30
480,0.515,5.614,0.12,0,1,0,0,0,0,0,0,0,1,0,0,0,0,0,0,5.305,0.926,-0.162,-0.384,16
481,0.612,0.841,0.1,0,0,1,0,0,0,0,0,0,1,0,0,0,0,0,0,7.397,0.973,-0.21,-0.439,0
482,0.612,0.841,0.1,0,0,1,0,0,0,0,0,0,1,0,0,0,0,0,0,7.397,0.849,-0.198,-0.401,1
483,0.612,0.841,0.1,0,0,1,0,0,0,0,0,0,1,0,0,0,0,0,0,7.397,0.978,-0.208,-0.436,1
484,0.612,0.841,0.1,0,0,1,0,0,0,0,0,0,1,0,0,0,0,0,0,7.397,0.973,-0.204,-0.43,2
485,0.612,0.841,0.1,0,0,1,0,0,0,0,0,0,1,0,0,0,0,0,0,7.397,0.926,-0.162,-0.384,6
486,0.612,0.841,0.1,0,0,1,0,0,0,0,0,0,1,0,0,0,0,0,0,6.069,0.973,-0.21,-0.439,0
487,0.612,0.841,0.1,0,0,1,0,0,0,0,0,0,1,0,0,0,0,0,0,6.069,0.849,-0.198,-0.401,1
488,0.612,0.841,0.1,0,0,1,0,0,0,0,0,0,1,0,0,0,0,0,0,6.069,0.978,-0.208,-0.436,1
489,0.612,0.841,0.1,0,0,1,0,0,0,0,0,0,1,0,0,0,0,0,0,6.069,0.973,-0.204,-0.43,2
490,0.612,0.841,0.1,0,0,1,0,0,0,0,0,0,1,0,0,0,0,0,0,6.069,0.926,-0.162,-0.384,9
491,0.612,0.841,0.1,0,0,1,0,0,0,0,0,0,1,0,0,0,0,0,0,4.727,0.973,-0.21,-0.439,0
492,0.612,0.841,0.1,0,0,1,0,0,0,0,0,0,1,0,0,0,0,0,0,4.727,0.849,-0.198,-0.401,0
493,0.612,0.841,0.1,0,0,1,0,0,0,0,0,0,1,0,0,0,0,0,0,4.727,0.978,-0.208,-0.436,0
494,0.612,0.841,0.1,0,0,1,0,0,0,0,0,0,1,0,0,0,0,0,0,4.727,0.973,-0.204,-0.43,0
495,0.612,0.841,0.1,0,0,1,0,0,0,0,0,0,1,0,0,0,0,0,0,4.727,0.926,-0.162,-0.384,7
496,0.612,0.841,0.1,0,0,1,0,0,0,0,0,0,1,0,0,0,0,0,0,5.305,0.973,-0.21,-0.439,0
497,0.612,0.841,0.1,0,0,1,0,0,0,0,0,0,1,0,0,0,0,0,0,5.305,0.849,-0.198,-0.401,0
498,0.612,0.841,0.1,0,0,1,0,0,0,0,0,0,1,0,0,0,0,0,0,5.305,0.978,-0.208,-0.436,0
499,0.612,0.841,0.1,0,0,1,0,0,0,0,0,0,1,0,0,0,0,0,0,5.305,0.973,-0.204,-0.43,0
500,0.612,0.841,0.1,0,0,1,0,0,0,0,0,0,1,0,0,0,0,0,0,5.305,0.926,-0.162,-0.384,10
501,-0.02,13.838,0.13,1,0,0,0,0,0,0,0,0,0,1,0,0,0,0,0,7.397,0.973,-0.21,-0.439,46
502,-0.02,13.838,0.13,1,0,0,0,0,0,0,0,0,0,1,0,0,0,0,0,7.397,0.849,-0.198,-0.401,55
503,-0.02,13.838,0.13,1,0,0,0,0,0,0,0,0,0,1,0,0,0,0,0,7.397,0.978,-0.208,-0.436,62
504,-0.02,13.838,0.13,1,0,0,0,0,0,0,0,0,0,1,0,0,0,0,0,7.397,0.973,-0.204,-0.43,60
505,-0.02,13.838,0.13,1,0,0,0,0,0,0,0,0,0,1,0,0,0,0,0,7.397,0.926,-0.162,-0.384,52
506,-0.02,13.838,0.13,1,0,0,0,0,0,0,0,0,0,1,0,0,0,0,0,6.069,0.973,-0.21,-0.439,75
507,-0.02,13.838,0.13,1,0,0,0,0,0,0,0,0,0,1,0,0,0,0,0,6.069,0.849,-0.198,-0.401,79
508,-0.02,13.838,0.13,1,0,0,0,0,0,0,0,0,0,1,0,0,0,0,0,6.069,0.978,-0.208,-0.436,86
509,-0.02,13.838,0.13,1,0,0,0,0,0,0,0,0,0,1,0,0,0,0,0,6.069,0.973,-0.204,-0.43,82
510,-0.02,13.838,0.13,1,0,0,0,0,0,0,0,0,0,1,0,0,0,0,0,6.069,0.926,-0.162,-0.384,77
511,-0.02,13.838,0.13,1,0,0,0,0,0,0,0,0,0,1,0,0,0,0,0,4.727,0.973,-0.21,-0.439,74
512,-0.02,13.838,0.13,1,0,0,0,0,0,0,0,0,0,1,0,0,0,0,0,4.727,0.849,-0.198,-0.401,79
513,-0.02,13.838,0.13,1,0,0,0,0,0,0,0,0,0,1,0,0,0,0,0,4.727,0.978,-0.208,-0.436,84
514,-0.02,13.838,0.13,1,0,0,0,0,0,0,0,0,0,1,0,0,0,0,0,4.727,0.973,-0.204,-0.43,86
515,-0.02,13.838,0.13,1,0,0,0,0,0,0,0,0,0,1,0,0,0,0,0,4.727,0.926,-0.162,-0.384,78
516,-0.02,13.838,0.13,1,0,0,0,0,0,0,0,0,0,1,0,0,0,0,0,5.305,0.973,-0.21,-0.439,71
517,-0.02,13.838,0.13,1,0,0,0,0,0,0,0,0,0,1,0,0,0,0,0,5.305,0.849,-0.198,-0.401,77
518,-0.02,13.838,0.13,1,0,0,0,0,0,0,0,0,0,1,0,0,0,0,0,5.305,0.978,-0.208,-0.436,82
519,-0.02,13.838,0.13,1,0,0,0,0,0,0,0,0,0,1,0,0,0,0,0,5.305,0.973,-0.204,-0.43,74
520,-0.02,13.838,0.13,1,0,0,0,0,0,0,0,0,0,1,0,0,0,0,0,5.305,0.926,-0.162,-0.384,83
521,0.118,14.217,0.17,1,0,0,0,0,0,0,0,0,0,1,0,0,0,0,0,7.397,0.973,-0.21,-0.439,25
522,0.118,14.217,0.17,1,0,0,0,0,0,0,0,0,0,1,0,0,0,0,0,7.397,0.849,-0.198,-0.401,30
523,0.118,14.217,0.17,1,0,0,0,0,0,0,0,0,0,1,0,0,0,0,0,7.397,0.978,-0.208,-0.436,37
524,0.118,14.217,0.17,1,0,0,0,0,0,0,0,0,0,1,0,0,0,0,0,7.397,0.973,-0.204,-0.43,17
525,0.118,14.217,0.17,1,0,0,0,0,0,0,0,0,0,1,0,0,0,0,0,7.397,0.926,-0.162,-0.384,71
526,0.118,14.217,0.17,1,0,0,0,0,0,0,0,0,0,1,0,0,0,0,0,6.069,0.973,-0.21,-0.439,32
527,0.118,14.217,0.17,1,0,0,0,0,0,0,0,0,0,1,0,0,0,0,0,6.069,0.849,-0.198,-0.401,38
528,0.118,14.217,0.17,1,0,0,0,0,0,0,0,0,0,1,0,0,0,0,0,6.069,0.978,-0.208,-0.436,37
529,0.118,14.217,0.17,1,0,0,0,0,0,0,0,0,0,1,0,0,0,0,0,6.069,0.973,-0.204,-0.43,44
530,0.118,14.217,0.17,1,0,0,0,0,0,0,0,0,0,1,0,0,0,0,0,6.069,0.926,-0.162,-0.384,79
531,0.118,14.217,0.17,1,0,0,0,0,0,0,0,0,0,1,0,0,0,0,0,4.727,0.973,-0.21,-0.439,38
532,0.118,14.217,0.17,1,0,0,0,0,0,0,0,0,0,1,0,0,0,0,0,4.727,0.849,-0.198,-0.401,42
533,0.118,14.217,0.17,1,0,0,0,0,0,0,0,0,0,1,0,0,0,0,0,4.727,0.978,-0.208,-0.436,47
534,0.118,14.217,0.17,1,0,0,0,0,0,0,0,0,0,1,0,0,0,0,0,4.727,0.973,-0.204,-0.43,49
535,0.118,14.217,0.17,1,0,0,0,0,0,0,0,0,0,1,0,0,0,0,0,4.727,0.926,-0.162,-0.384,87
536,0.118,14.217,0.17,1,0,0,0,0,0,0,0,0,0,1,0,0,0,0,0,5.305,0.973,-0.21,-0.439,23
537,0.118,14.217,0.17,1,0,0,0,0,0,0,0,0,0,1,0,0,0,0,0,5.305,0.849,-0.198,-0.401,28
538,0.118,14.217,0.17,1,0,0,0,0,0,0,0,0,0,1,0,0,0,0,0,5.305,0.978,-0.208,-0.436,28
539,0.118,14.217,0.17,1,0,0,0,0,0,0,0,0,0,1,0,0,0,0,0,5.305,0.973,-0.204,-0.43,29
540,0.118,14.217,0.17,1,0,0,0,0,0,0,0,0,0,1,0,0,0,0,0,5.305,0.926,-0.162,-0.384,51
541,0.256,6.332,0.13,0,1,0,1,0,0,1,0,0,0,0,1,0,0,0,0,7.397,0.973,-0.21,-0.439,0
542,0.256,6.332,0.13,0,1,0,1,0,0,1,0,0,0,0,1,0,0,0,0,7.397,0.849,-0.198,-0.401,0
543,0.256,6.332,0.13,0,1,0,1,0,0,1,0,0,0,0,1,0,0,0,0,7.397,0.978,-0.208,-0.436,2
544,0.256,6.332,0.13,0,1,0,1,0,0,1,0,0,0,0,1,0,0,0,0,7.397,0.973,-0.204,-0.43,5
545,0.256,6.332,0.13,0,1,0,1,0,0,1,0,0,0,0,1,0,0,0,0,7.397,0.926,-0.162,-0.384,13
546,0.256,6.332,0.13,0,1,0,1,0,0,1,0,0,0,0,1,0,0,0,0,6.069,0.973,-0.21,-0.439,0
547,0.256,6.332,0.13,0,1,0,1,0,0,1,0,0,0,0,1,0,0,0,0,6.069,0.849,-0.198,-0.401,0
548,0.256,6.332,0.13,0,1,0,1,0,0,1,0,0,0,0,1,0,0,0,0,6.069,0.978,-0.208,-0.436,1
549,0.256,6.332,0.13,0,1,0,1,0,0,1,0,0,0,0,1,0,0,0,0,6.069,0.973,-0.204,-0.43,5
550,0.256,6.332,0.13,0,1,0,1,0,0,1,0,0,0,0,1,0,0,0,0,6.069,0.926,-0.162,-0.384,13
551,0.256,6.332,0.13,0,1,0,1,0,0,1,0,0,0,0,1,0,0,0,0,4.727,0.973,-0.21,-0.439,0
552,0.256,6.332,0.13,0,1,0,1,0,0,1,0,0,0,0,1,0,0,0,0,4.727,0.849,-0.198,-0.401,0
553,0.256,6.332,0.13,0,1,0,1,0,0,1,0,0,0,0,1,0,0,0,0,4.727,0.978,-0.208,-0.436,1
554,0.256,6.332,0.13,0,1,0,1,0,0,1,0,0,0,0,1,0,0,0,0,4.727,0.973,-0.204,-0.43,3
555,0.256,6.332,0.13,0,1,0,1,0,0,1,0,0,0,0,1,0,0,0,0,4.727,0.926,-0.162,-0.384,9
556,0.256,6.332,0.13,0,1,0,1,0,0,1,0,0,0,0,1,0,0,0,0,5.305,0.973,-0.21,-0.439,0
557,0.256,6.332,0.13,0,1,0,1,0,0,1,0,0,0,0,1,0,0,0,0,5.305,0.849,-0.198,-0.401,0
558,0.256,6.332,0.13,0,1,0,1,0,0,1,0,0,0,0,1,0,0,0,0,5.305,0.978,-0.208,-0.436,0
559,0.256,6.332,0.13,0,1,0,1,0,0,1,0,0,0,0,1,0,0,0,0,5.305,0.973,-0.204,-0.43,2
560,0.256,6.332,0.13,0,1,0,1,0,0,1,0,0,0,0,1,0,0,0,0,5.305,0.926,-0.162,-0.384,7
561,0.196,7.559,0.14,0,1,0,1,0,1,0,0,0,0,0,0,1,0,0,0,7.397,0.973,-0.21,-0.439,58
562,0.196,7.559,0.14,0,1,0,1,0,1,0,0,0,0,0,0,1,0,0,0,7.397,0.849,-0.198,-0.401,63
563,0.196,7.559,0.14,0,1,0,1,0,1,0,0,0,0,0,0,1,0,0,0,7.397,0.978,-0.208,-0.436,55
564,0.196,7.559,0.14,0,1,0,1,0,1,0,0,0,0,0,0,1,0,0,0,7.397,0.973,-0.204,-0.43,40
565,0.196,7.559,0.14,0,1,0,1,0,1,0,0,0,0,0,0,1,0,0,0,7.397,0.926,-0.162,-0.384,74
566,0.196,7.559,0.14,0,1,0,1,0,1,0,0,0,0,0,0,1,0,0,0,6.069,0.973,-0.21,-0.439,63
567,0.196,7.559,0.14,0,1,0,1,0,1,0,0,0,0,0,0,1,0,0,0,6.069,0.849,-0.198,-0.401,72
568,0.196,7.559,0.14,0,1,0,1,0,1,0,0,0,0,0,0,1,0,0,0,6.069,0.978,-0.208,-0.436,64
569,0.196,7.559,0.14,0,1,0,1,0,1,0,0,0,0,0,0,1,0,0,0,6.069,0.973,-0.204,-0.43,37
570,0.196,7.559,0.14,0,1,0,1,0,1,0,0,0,0,0,0,1,0,0,0,6.069,0.926,-0.162,-0.384,92
571,0.196,7.559,0.14,0,1,0,1,0,1,0,0,0,0,0,0,1,0,0,0,4.727,0.973,-0.21,-0.439,79
572,0.196,7.559,0.14,0,1,0,1,0,1,0,0,0,0,0,0,1,0,0,0,4.727,0.849,-0.198,-0.401,80
573,0.196,7.559,0.14,0,1,0,1,0,1,0,0,0,0,0,0,1,0,0,0,4.727,0.978,-0.208,-0.436,81
574,0.196,7.559,0.14,0,1,0,1,0,1,0,0,0,0,0,0,1,0,0,0,4.727,0.973,-0.204,-0.43,43
575,0.196,7.559,0.14,0,1,0,1,0,1,0,0,0,0,0,0,1,0,0,0,4.727,0.926,-0.162,-0.384,84
576,0.196,7.559,0.14,0,1,0,1,0,1,0,0,0,0,0,0,1,0,0,0,5.305,0.973,-0.21,-0.439,75
577,0.196,7.559,0.14,0,1,0,1,0,1,0,0,0,0,0,0,1,0,0,0,5.305,0.849,-0.198,-0.401,65
578,0.196,7.559,0.14,0,1,0,1,0,1,0,0,0,0,0,0,1,0,0,0,5.305,0.978,-0.208,-0.436,49
579,0.196,7.559,0.14,0,1,0,1,0,1,0,0,0,0,0,0,1,0,0,0,5.305,0.973,-0.204,-0.43,44
580,0.196,7.559,0.14,0,1,0,1,0,1,0,0,0,0,0,0,1,0,0,0,5.305,0.926,-0.162,-0.384,79
581,0.087,12.434,0.14,1,0,0,0,0,0,0,0,0,0,0,0,1,0,0,0,7.397,0.973,-0.21,-0.439,32
582,0.087,12.434,0.14,1,0,0,0,0,0,0,0,0,0,0,0,1,0,0,0,7.397,0.849,-0.198,-0.401,49
583,0.087,12.434,0.14,1,0,0,0,0,0,0,0,0,0,0,0,1,0,0,0,7.397,0.978,-0.208,-0.436,40
584,0.087,12.434,0.14,1,0,0,0,0,0,0,0,0,0,0,0,1,0,0,0,7.397,0.973,-0.204,-0.43,36
585,0.087,12.434,0.14,1,0,0,0,0,0,0,0,0,0,0,0,1,0,0,0,7.397,0.926,-0.162,-0.384,31
586,0.087,12.434,0.14,1,0,0,0,0,0,0,0,0,0,0,0,1,0,0,0,6.069,0.973,-0.21,-0.439,43
587,0.087,12.434,0.14,1,0,0,0,0,0,0,0,0,0,0,0,1,0,0,0,6.069,0.849,-0.198,-0.401,53
588,0.087,12.434,0.14,1,0,0,0,0,0,0,0,0,0,0,0,1,0,0,0,6.069,0.978,-0.208,-0.436,42
589,0.087,12.434,0.14,1,0,0,0,0,0,0,0,0,0,0,0,1,0,0,0,6.069,0.973,-0.204,-0.43,12
590,0.087,12.434,0.14,1,0,0,0,0,0,0,0,0,0,0,0,1,0,0,0,6.069,0.926,-0.162,-0.384,31
591,0.087,12.434,0.14,1,0,0,0,0,0,0,0,0,0,0,0,1,0,0,0,4.727,0.973,-0.21,-0.439,41
592,0.087,12.434,0.14,1,0,0,0,0,0,0,0,0,0,0,0,1,0,0,0,4.727,0.849,-0.198,-0.401,51
593,0.087,12.434,0.14,1,0,0,0,0,0,0,0,0,0,0,0,1,0,0,0,4.727,0.978,-0.208,-0.436,53
594,0.087,12.434,0.14,1,0,0,0,0,0,0,0,0,0,0,0,1,0,0,0,4.727,0.973,-0.204,-0.43,14
595,0.087,12.434,0.14,1,0,0,0,0,0,0,0,0,0,0,0,1,0,0,0,4.727,0.926,-0.162,-0.384,42
596,0.087,12.434,0.14,1,0,0,0,0,0,0,0,0,0,0,0,1,0,0,0,5.305,0.973,-0.21,-0.439,35
597,0.087,12.434,0.14,1,0,0,0,0,0,0,0,0,0,0,0,1,0,0,0,5.305,0.849,-0.198,-0.401,44
598,0.087,12.434,0.14,1,0,0,0,0,0,0,0,0,0,0,0,1,0,0,0,5.305,0.978,-0.208,-0.436,54
599,0.087,12.434,0.14,1,0,0,0,0,0,0,0,0,0,0,0,1,0,0,0,5.305,0.973,-0.204,-0.43,11
600,0.087,12.434,0.14,1,0,0,0,0,0,0,0,0,0,0,0,1,0,0,0,5.305,0.926,-0.162,-0.384,43
601,-0.054,9.547,0.13,1,0,0,0,0,0,0,0,0,0,0,0,0,1,0,0,7.397,0.973,-0.21,-0.439,2
602,-0.054,9.547,0.13,1,0,0,0,0,0,0,0,0,0,0,0,0,1,0,0,7.397,0.849,-0.198,-0.401,3
603,-0.054,9.547,0.13,1,0,0,0,0,0,0,0,0,0,0,0,0,1,0,0,7.397,0.978,-0.208,-0.436,3
604,-0.054,9.547,0.13,1,0,0,0,0,0,0,0,0,0,0,0,0,1,0,0,7.397,0.973,-0.204,-0.43,3
605,-0.054,9.547,0.13,1,0,0,0,0,0,0,0,0,0,0,0,0,1,0,0,7.397,0.926,-0.162,-0.384,3
606,-0.054,9.547,0.13,1,0,0,0,0,0,0,0,0,0,0,0,0,1,0,0,6.069,0.973,-0.21,-0.439,5
607,-0.054,9.547,0.13,1,0,0,0,0,0,0,0,0,0,0,0,0,1,0,0,6.069,0.849,-0.198,-0.401,8
608,-0.054,9.547,0.13,1,0,0,0,0,0,0,0,0,0,0,0,0,1,0,0,6.069,0.978,-0.208,-0.436,8
609,-0.054,9.547,0.13,1,0,0,0,0,0,0,0,0,0,0,0,0,1,0,0,6.069,0.973,-0.204,-0.43,9
610,-0.054,9.547,0.13,1,0,0,0,0,0,0,0,0,0,0,0,0,1,0,0,6.069,0.926,-0.162,-0.384,9
611,-0.054,9.547,0.13,1,0,0,0,0,0,0,0,0,0,0,0,0,1,0,0,4.727,0.973,-0.21,-0.439,5
612,-0.054,9.547,0.13,1,0,0,0,0,0,0,0,0,0,0,0,0,1,0,0,4.727,0.849,-0.198,-0.401,5
613,-0.054,9.547,0.13,1,0,0,0,0,0,0,0,0,0,0,0,0,1,0,0,4.727,0.978,-0.208,-0.436,7
614,-0.054,9.547,0.13,1,0,0,0,0,0,0,0,0,0,0,0,0,1,0,0,4.727,0.973,-0.204,-0.43,10
615,-0.054,9.547,0.13,1,0,0,0,0,0,0,0,0,0,0,0,0,1,0,0,4.727,0.926,-0.162,-0.384,9
616,-0.054,9.547,0.13,1,0,0,0,0,0,0,0,0,0,0,0,0,1,0,0,5.305,0.973,-0.21,-0.439,7
617,-0.054,9.547,0.13,1,0,0,0,0,0,0,0,0,0,0,0,0,1,0,0,5.305,0.849,-0.198,-0.401,5
618,-0.054,9.547,0.13,1,0,0,0,0,0,0,0,0,0,0,0,0,1,0,0,5.305,0.978,-0.208,-0.436,9
619,-0.054,9.547,0.13,1,0,0,0,0,0,0,0,0,0,0,0,0,1,0,0,5.305,0.973,-0.204,-0.43,11
620,-0.054,9.547,0.13,1,0,0,0,0,0,0,0,0,0,0,0,0,1,0,0,5.305,0.926,-0.162,-0.384,28
621,0.2,8.443,0.1,0,1,0,1,0,0,1,0,0,0,0,0,0,0,1,0,7.397,0.973,-0.21,-0.439,10
622,0.2,8.443,0.1,0,1,0,1,0,0,1,0,0,0,0,0,0,0,1,0,7.397,0.849,-0.198,-0.401,38
623,0.2,8.443,0.1,0,1,0,1,0,0,1,0,0,0,0,0,0,0,1,0,7.397,0.978,-0.208,-0.436,32
624,0.2,8.443,0.1,0,1,0,1,0,0,1,0,0,0,0,0,0,0,1,0,7.397,0.973,-0.204,-0.43,41
625,0.2,8.443,0.1,0,1,0,1,0,0,1,0,0,0,0,0,0,0,1,0,7.397,0.926,-0.162,-0.384,33
626,0.2,8.443,0.1,0,1,0,1,0,0,1,0,0,0,0,0,0,0,1,0,6.069,0.973,-0.21,-0.439,23
627,0.2,8.443,0.1,0,1,0,1,0,0,1,0,0,0,0,0,0,0,1,0,6.069,0.849,-0.198,-0.401,43
628,0.2,8.443,0.1,0,1,0,1,0,0,1,0,0,0,0,0,0,0,1,0,6.069,0.978,-0.208,-0.436,43
629,0.2,8.443,0.1,0,1,0,1,0,0,1,0,0,0,0,0,0,0,1,0,6.069,0.973,-0.204,-0.43,50
630,0.2,8.443,0.1,0,1,0,1,0,0,1,0,0,0,0,0,0,0,1,0,6.069,0.926,-0.162,-0.384,32
631,0.2,8.443,0.1,0,1,0,1,0,0,1,0,0,0,0,0,0,0,1,0,4.727,0.973,-0.21,-0.439,15
632,0.2,8.443,0.1,0,1,0,1,0,0,1,0,0,0,0,0,0,0,1,0,4.727,0.849,-0.198,-0.401,39
633,0.2,8.443,0.1,0,1,0,1,0,0,1,0,0,0,0,0,0,0,1,0,4.727,0.978,-0.208,-0.436,41
634,0.2,8.443,0.1,0,1,0,1,0,0,1,0,0,0,0,0,0,0,1,0,4.727,0.973,-0.204,-0.43,52
635,0.2,8.443,0.1,0,1,0,1,0,0,1,0,0,0,0,0,0,0,1,0,4.727,0.926,-0.162,-0.384,38
636,0.2,8.443,0.1,0,1,0,1,0,0,1,0,0,0,0,0,0,0,1,0,5.305,0.973,-0.21,-0.439,14
637,0.2,8.443,0.1,0,1,0,1,0,0,1,0,0,0,0,0,0,0,1,0,5.305,0.849,-0.198,-0.401,23
638,0.2,8.443,0.1,0,1,0,1,0,0,1,0,0,0,0,0,0,0,1,0,5.305,0.978,-0.208,-0.436,36
639,0.2,8.443,0.1,0,1,0,1,0,0,1,0,0,0,0,0,0,0,1,0,5.305,0.973,-0.204,-0.43,44
640,0.2,8.443,0.1,0,1,0,1,0,0,1,0,0,0,0,0,0,0,1,0,5.305,0.926,-0.162,-0.384,45
641,0.048,13.793,0.16,1,0,0,0,0,0,0,0,0,0,0,0,0,0,0,0,7.397,0.973,-0.21,-0.439,60
642,0.048,13.793,0.16,1,0,0,0,0,0,0,0,0,0,0,0,0,0,0,0,7.397,0.849,-0.198,-0.401,61
643,0.048,13.793,0.16,1,0,0,0,0,0,0,0,0,0,0,0,0,0,0,0,7.397,0.978,-0.208,-0.436,57
644,0.048,13.793,0.16,1,0,0,0,0,0,0,0,0,0,0,0,0,0,0,0,7.397,0.973,-0.204,-0.43,57
645,0.048,13.793,0.16,1,0,0,0,0,0,0,0,0,0,0,0,0,0,0,0,7.397,0.926,-0.162,-0.384,50
646,0.048,13.793,0.16,1,0,0,0,0,0,0,0,0,0,0,0,0,0,0,0,6.069,0.973,-0.21,-0.439,86
647,0.048,13.793,0.16,1,0,0,0,0,0,0,0,0,0,0,0,0,0,0,0,6.069,0.849,-0.198,-0.401,80
648,0.048,13.793,0.16,1,0,0,0,0,0,0,0,0,0,0,0,0,0,0,0,6.069,0.978,-0.208,-0.436,79
649,0.048,13.793,0.16,1,0,0,0,0,0,0,0,0,0,0,0,0,0,0,0,6.069,0.973,-0.204,-0.43,85
650,0.048,13.793,0.16,1,0,0,0,0,0,0,0,0,0,0,0,0,0,0,0,6.069,0.926,-0.162,-0.384,73
651,0.048,13.793,0.16,1,0,0,0,0,0,0,0,0,0,0,0,0,0,0,0,4.727,0.973,-0.21,-0.439,87
652,0.048,13.793,0.16,1,0,0,0,0,0,0,0,0,0,0,0,0,0,0,0,4.727,0.849,-0.198,-0.401,82
653,0.048,13.793,0.16,1,0,0,0,0,0,0,0,0,0,0,0,0,0,0,0,4.727,0.978,-0.208,-0.436,85
654,0.048,13.793,0.16,1,0,0,0,0,0,0,0,0,0,0,0,0,0,0,0,4.727,0.973,-0.204,-0.43,79
655,0.048,13.793,0.16,1,0,0,0,0,0,0,0,0,0,0,0,0,0,0,0,4.727,0.926,-0.162,-0.384,74
656,0.048,13.793,0.16,1,0,0,0,0,0,0,0,0,0,0,0,0,0,0,0,5.305,0.973,-0.21,-0.439,80
657,0.048,13.793,0.16,1,0,0,0,0,0,0,0,0,0,0,0,0,0,0,0,5.305,0.849,-0.198,-0.401,80
658,0.048,13.793,0.16,1,0,0,0,0,0,0,0,0,0,0,0,0,0,0,0,5.305,0.978,-0.208,-0.436,75
659,0.048,13.793,0.16,1,0,0,0,0,0,0,0,0,0,0,0,0,0,0,0,5.305,0.973,-0.204,-0.43,76
660,0.048,13.793,0.16,1,0,0,0,0,0,0,0,0,0,0,0,0,0,0,0,5.305,0.926,-0.162,-0.384,80
661,0.4,7.05,0.11,0,1,0,1,0,1,0,0,0,0,1,0,0,0,0,0,7.397,0.973,-0.21,-0.439,32
662,0.4,7.05,0.11,0,1,0,1,0,1,0,0,0,0,1,0,0,0,0,0,7.397,0.849,-0.198,-0.401,46
663,0.4,7.05,0.11,0,1,0,1,0,1,0,0,0,0,1,0,0,0,0,0,7.397,0.978,-0.208,-0.436,38
664,0.4,7.05,0.11,0,1,0,1,0,1,0,0,0,0,1,0,0,0,0,0,7.397,0.973,-0.204,-0.43,44
665,0.4,7.05,0.11,0,1,0,1,0,1,0,0,0,0,1,0,0,0,0,0,7.397,0.926,-0.162,-0.384,60
666,0.4,7.05,0.11,0,1,0,1,0,1,0,0,0,0,1,0,0,0,0,0,6.069,0.973,-0.21,-0.439,32
667,0.4,7.05,0.11,0,1,0,1,0,1,0,0,0,0,1,0,0,0,0,0,6.069,0.849,-0.198,-0.401,43
668,0.4,7.05,0.11,0,1,0,1,0,1,0,0,0,0,1,0,0,0,0,0,6.069,0.978,-0.208,-0.436,37
669,0.4,7.05,0.11,0,1,0,1,0,1,0,0,0,0,1,0,0,0,0,0,6.069,0.973,-0.204,-0.43,38
670,0.4,7.05,0.11,0,1,0,1,0,1,0,0,0,0,1,0,0,0,0,0,6.069,0.926,-0.162,-0.384,62
671,0.4,7.05,0.11,0,1,0,1,0,1,0,0,0,0,1,0,0,0,0,0,4.727,0.973,-0.21,-0.439,20
672,0.4,7.05,0.11,0,1,0,1,0,1,0,0,0,0,1,0,0,0,0,0,4.727,0.849,-0.198,-0.401,33
673,0.4,7.05,0.11,0,1,0,1,0,1,0,0,0,0,1,0,0,0,0,0,4.727,0.978,-0.208,-0.436,27
674,0.4,7.05,0.11,0,1,0,1,0,1,0,0,0,0,1,0,0,0,0,0,4.727,0.973,-0.204,-0.43,30
675,0.4,7.05,0.11,0,1,0,1,0,1,0,0,0,0,1,0,0,0,0,0,4.727,0.926,-0.162,-0.384,64
676,0.4,7.05,0.11,0,1,0,1,0,1,0,0,0,0,1,0,0,0,0,0,5.305,0.973,-0.21,-0.439,16
677,0.4,7.05,0.11,0,1,0,1,0,1,0,0,0,0,1,0,0,0,0,0,5.305,0.849,-0.198,-0.401,20
678,0.4,7.05,0.11,0,1,0,1,0,1,0,0,0,0,1,0,0,0,0,0,5.305,0.978,-0.208,-0.436,19
679,0.4,7.05,0.11,0,1,0,1,0,1,0,0,0,0,1,0,0,0,0,0,5.305,0.973,-0.204,-0.43,14
680,0.4,7.05,0.11,0,1,0,1,0,1,0,0,0,0,1,0,0,0,0,0,5.305,0.926,-0.162,-0.384,64
681,-0.106,14.464,0.14,1,0,0,0,0,0,0,0,1,0,0,0,0,0,0,0,7.397,0.973,-0.21,-0.439,16
682,-0.106,14.464,0.14,1,0,0,0,0,0,0,0,1,0,0,0,0,0,0,0,7.397,0.849,-0.198,-0.401,18
683,-0.106,14.464,0.14,1,0,0,0,0,0,0,0,1,0,0,0,0,0,0,0,7.397,0.978,-0.208,-0.436,16
684,-0.106,14.464,0.14,1,0,0,0,0,0,0,0,1,0,0,0,0,0,0,0,7.397,0.973,-0.204,-0.43,20
685,-0.106,14.464,0.14,1,0,0,0,0,0,0,0,1,0,0,0,0,0,0,0,7.397,0.926,-0.162,-0.384,31
686,-0.106,14.464,0.14,1,0,0,0,0,0,0,0,1,0,0,0,0,0,0,0,6.069,0.973,-0.21,-0.439,56
687,-0.106,14.464,0.14,1,0,0,0,0,0,0,0,1,0,0,0,0,0,0,0,6.069,0.849,-0.198,-0.401,57
688,-0.106,14.464,0.14,1,0,0,0,0,0,0,0,1,0,0,0,0,0,0,0,6.069,0.978,-0.208,-0.436,53
689,-0.106,14.464,0.14,1,0,0,0,0,0,0,0,1,0,0,0,0,0,0,0,6.069,0.973,-0.204,-0.43,55
690,-0.106,14.464,0.14,1,0,0,0,0,0,0,0,1,0,0,0,0,0,0,0,6.069,0.926,-0.162,-0.384,58
691,-0.106,14.464,0.14,1,0,0,0,0,0,0,0,1,0,0,0,0,0,0,0,4.727,0.973,-0.21,-0.439,86
692,-0.106,14.464,0.14,1,0,0,0,0,0,0,0,1,0,0,0,0,0,0,0,4.727,0.849,-0.198,-0.401,80
693,-0.106,14.464,0.14,1,0,0,0,0,0,0,0,1,0,0,0,0,0,0,0,4.727,0.978,-0.208,-0.436,86
694,-0.106,14.464,0.14,1,0,0,0,0,0,0,0,1,0,0,0,0,0,0,0,4.727,0.973,-0.204,-0.43,88
695,-0.106,14.464,0.14,1,0,0,0,0,0,0,0,1,0,0,0,0,0,0,0,4.727,0.926,-0.162,-0.384,81
696,-0.106,14.464,0.14,1,0,0,0,0,0,0,0,1,0,0,0,0,0,0,0,5.305,0.973,-0.21,-0.439,94
697,-0.106,14.464,0.14,1,0,0,0,0,0,0,0,1,0,0,0,0,0,0,0,5.305,0.849,-0.198,-0.401,91
698,-0.106,14.464,0.14,1,0,0,0,0,0,0,0,1,0,0,0,0,0,0,0,5.305,0.978,-0.208,-0.436,93
699,-0.106,14.464,0.14,1,0,0,0,0,0,0,0,1,0,0,0,0,0,0,0,5.305,0.973,-0.204,-0.43,95
700,-0.106,14.464,0.14,1,0,0,0,0,0,0,0,1,0,0,0,0,0,0,0,5.305,0.926,-0.162,-0.384,97
701,0.428,6.426,0.11,0,1,0,0,0,0,0,0,0,0,0,0,0,0,0,0,7.397,0.973,-0.21,-0.439,31
702,0.428,6.426,0.11,0,1,0,0,0,0,0,0,0,0,0,0,0,0,0,0,7.397,0.849,-0.198,-0.401,34
703,0.428,6.426,0.11,0,1,0,0,0,0,0,0,0,0,0,0,0,0,0,0,7.397,0.978,-0.208,-0.436,52
704,0.428,6.426,0.11,0,1,0,0,0,0,0,0,0,0,0,0,0,0,0,0,7.397,0.973,-0.204,-0.43,69
705,0.428,6.426,0.11,0,1,0,0,0,0,0,0,0,0,0,0,0,0,0,0,7.397,0.926,-0.162,-0.384,82
706,0.428,6.426,0.11,0,1,0,0,0,0,0,0,0,0,0,0,0,0,0,0,6.069,0.973,-0.21,-0.439,35
707,0.428,6.426,0.11,0,1,0,0,0,0,0,0,0,0,0,0,0,0,0,0,6.069,0.849,-0.198,-0.401,44
708,0.428,6.426,0.11,0,1,0,0,0,0,0,0,0,0,0,0,0,0,0,0,6.069,0.978,-0.208,-0.436,60
709,0.428,6.426,0.11,0,1,0,0,0,0,0,0,0,0,0,0,0,0,0,0,6.069,0.973,-0.204,-0.43,76
710,0.428,6.426,0.11,0,1,0,0,0,0,0,0,0,0,0,0,0,0,0,0,6.069,0.926,-0.162,-0.384,90
711,0.428,6.426,0.11,0,1,0,0,0,0,0,0,0,0,0,0,0,0,0,0,4.727,0.973,-0.21,-0.439,26
712,0.428,6.426,0.11,0,1,0,0,0,0,0,0,0,0,0,0,0,0,0,0,4.727,0.849,-0.198,-0.401,23
713,0.428,6.426,0.11,0,1,0,0,0,0,0,0,0,0,0,0,0,0,0,0,4.727,0.978,-0.208,-0.436,46
714,0.428,6.426,0.11,0,1,0,0,0,0,0,0,0,0,0,0,0,0,0,0,4.727,0.973,-0.204,-0.43,59
715,0.428,6.426,0.11,0,1,0,0,0,0,0,0,0,0,0,0,0,0,0,0,4.727,0.926,-0.162,-0.384,85
716,0.428,6.426,0.11,0,1,0,0,0,0,0,0,0,0,0,0,0,0,0,0,5.305,0.973,-0.21,-0.439,41
717,0.428,6.426,0.11,0,1,0,0,0,0,0,0,0,0,0,0,0,0,0,0,5.305,0.849,-0.198,-0.401,32
718,0.428,6.426,0.11,0,1,0,0,0,0,0,0,0,0,0,0,0,0,0,0,5.305,0.978,-0.208,-0.436,57
719,0.428,6.426,0.11,0,1,0,0,0,0,0,0,0,0,0,0,0,0,0,0,5.305,0.973,-0.204,-0.43,59
720,0.428,6.426,0.11,0,1,0,0,0,0,0,0,0,0,0,0,0,0,0,0,5.305,0.926,-0.162,-0.384,86
721,0.18,4.738,0.15,0,1,0,0,0,0,0,0,1,0,0,0,0,0,0,1,7.397,0.973,-0.21,-0.439,39
722,0.18,4.738,0.15,0,1,0,0,0,0,0,0,1,0,0,0,0,0,0,1,7.397,0.849,-0.198,-0.401,56
723,0.18,4.738,0.15,0,1,0,0,0,0,0,0,1,0,0,0,0,0,0,1,7.397,0.978,-0.208,-0.436,45
724,0.18,4.738,0.15,0,1,0,0,0,0,0,0,1,0,0,0,0,0,0,1,7.397,0.973,-0.204,-0.43,49
725,0.18,4.738,0.15,0,1,0,0,0,0,0,0,1,0,0,0,0,0,0,1,7.397,0.926,-0.162,-0.384,57
726,0.18,4.738,0.15,0,1,0,0,0,0,0,0,1,0,0,0,0,0,0,1,6.069,0.973,-0.21,-0.439,81
727,0.18,4.738,0.15,0,1,0,0,0,0,0,0,1,0,0,0,0,0,0,1,6.069,0.849,-0.198,-0.401,73
728,0.18,4.738,0.15,0,1,0,0,0,0,0,0,1,0,0,0,0,0,0,1,6.069,0.978,-0.208,-0.436,81
729,0.18,4.738,0.15,0,1,0,0,0,0,0,0,1,0,0,0,0,0,0,1,6.069,0.973,-0.204,-0.43,82
730,0.18,4.738,0.15,0,1,0,0,0,0,0,0,1,0,0,0,0,0,0,1,6.069,0.926,-0.162,-0.384,84
731,0.18,4.738,0.15,0,1,0,0,0,0,0,0,1,0,0,0,0,0,0,1,4.727,0.973,-0.21,-0.439,64
732,0.18,4.738,0.15,0,1,0,0,0,0,0,0,1,0,0,0,0,0,0,1,4.727,0.849,-0.198,-0.401,59
733,0.18,4.738,0.15,0,1,0,0,0,0,0,0,1,0,0,0,0,0,0,1,4.727,0.978,-0.208,-0.436,78
734,0.18,4.738,0.15,0,1,0,0,0,0,0,0,1,0,0,0,0,0,0,1,4.727,0.973,-0.204,-0.43,86
735,0.18,4.738,0.15,0,1,0,0,0,0,0,0,1,0,0,0,0,0,0,1,4.727,0.926,-0.162,-0.384,84
736,0.18,4.738,0.15,0,1,0,0,0,0,0,0,1,0,0,0,0,0,0,1,5.305,0.973,-0.21,-0.439,78
737,0.18,4.738,0.15,0,1,0,0,0,0,0,0,1,0,0,0,0,0,0,1,5.305,0.849,-0.198,-0.401,66
738,0.18,4.738,0.15,0,1,0,0,0,0,0,0,1,0,0,0,0,0,0,1,5.305,0.978,-0.208,-0.436,78
739,0.18,4.738,0.15,0,1,0,0,0,0,0,0,1,0,0,0,0,0,0,1,5.305,0.973,-0.204,-0.43,76
740,0.18,4.738,0.15,0,1,0,0,0,0,0,0,1,0,0,0,0,0,0,1,5.305,0.926,-0.162,-0.384,82
